STATION,NAME,DATE,PRCP,SNOW,SNWD,TMAX,TMIN,TOBS
USC00050848,"BOULDER, CO US",7/1/2018,0,0,0,87,46,85
USC00050848,"BOULDER, CO US",7/2/2018,0,0,0,92,51,89
USC00050848,"BOULDER, CO US",7/3/2018,0,0,0,90,56,80
USC00050848,"BOULDER, CO US",7/4/2018,0,0,0,87,55,83
USC00050848,"BOULDER, CO US",7/5/2018,0.24,0,0,84,58,74
USC00050848,"BOULDER, CO US",7/6/2018,0,0,0,87,53,77
USC00050848,"BOULDER, CO US",7/7/2018,0,0,0,96,57,86
USC00050848,"BOULDER, CO US",7/8/2018,0,0,0,96,60,77
USC00050848,"BOULDER, CO US",7/9/2018,0,0,0,93,60,93
USC00050848,"BOULDER, CO US",7/10/2018,0,0,0,97,57,95
USC00050848,"BOULDER, CO US",7/11/2018,0,0,0,95,58,92
USC00050848,"BOULDER, CO US",7/12/2018,0.05,0,0,92,61,66
USC00050848,"BOULDER, CO US",7/13/2018,0,0,0,88,55,87
USC00050848,"BOULDER, CO US",7/14/2018,0,0,0,94,57,93
USC00050848,"BOULDER, CO US",7/15/2018,0.45,0,0,93,61,61
USC00050848,"BOULDER, CO US",7/16/2018,0.02,0,0,85,54,81
USC00050848,"BOULDER, CO US",7/17/2018,0,0,0,84,61,83
USC00050848,"BOULDER, CO US",7/18/2018,0,0,0,94,60,90
USC00050848,"BOULDER, CO US",7/19/2018,0,0,0,97,61,90
USC00050848,"BOULDER, CO US",7/20/2018,0,0,0,94,60,88
USC00050848,"BOULDER, CO US",7/21/2018,0.05,0,0,93,60,85
USC00050848,"BOULDER, CO US",7/22/2018,0.11,0,0,94,63,75
USC00050848,"BOULDER, CO US",7/23/2018,0.31,0,0,78,63,65
USC00050848,"BOULDER, CO US",7/24/2018,0.11,0,0,86,57,79
USC00050848,"BOULDER, CO US",7/25/2018,0.03,0,0,82,58,76
USC00050848,"BOULDER, CO US",7/26/2018,0.07,0,0,81,55,79
USC00050848,"BOULDER, CO US",7/27/2018,0.35,0,0,80,56,70
USC00050848,"BOULDER, CO US",7/28/2018,0.01,0,0,77,56,71
USC00050848,"BOULDER, CO US",7/29/2018,0.04,0,0,75,52,75
USC00050848,"BOULDER, CO US",7/30/2018,0,0,0,77,51,76
USC00050848,"BOULDER, CO US",7/31/2018,0,0,0,84,48,84
USC00050848,"BOULDER, CO US",8/1/2018,0,0,0,85,52,76
USC00050848,"BOULDER, CO US",8/2/2018,0,0,0,91,53,86
USC00050848,"BOULDER, CO US",8/3/2018,0.01,0,0,86,65,78
USC00050848,"BOULDER, CO US",8/4/2018,0,0,0,86,63,85
USC00050848,"BOULDER, CO US",8/5/2018,0.01,0,0,86,61,67
USC00050848,"BOULDER, CO US",8/6/2018,0,0,0,83,57,81
USC00050848,"BOULDER, CO US",8/7/2018,0,0,0,88,54,84
USC00050848,"BOULDER, CO US",8/8/2018,0,0,0,84,53,65
USC00050848,"BOULDER, CO US",8/9/2018,0,0,0,90,55,82
USC00050848,"BOULDER, CO US",8/10/2018,0,0,0,89,55,89
USC00050848,"BOULDER, CO US",8/11/2018,0,0,0,92,53,90
USC00050848,"BOULDER, CO US",8/12/2018,0,0,0,90,52,90
USC00050848,"BOULDER, CO US",8/13/2018,0,0,0,90,51,82
USC00050848,"BOULDER, CO US",8/14/2018,0.01,0,0,84,55,74
USC00050848,"BOULDER, CO US",8/15/2018,0.04,0,0,88,54,81
USC00050848,"BOULDER, CO US",8/16/2018,0,0,0,88,54,82
USC00050848,"BOULDER, CO US",8/17/2018,0,0,0,87,57,85
USC00050848,"BOULDER, CO US",8/18/2018,0,0,0,85,56,79
USC00050848,"BOULDER, CO US",8/19/2018,0.16,0,0,79,51,74
USC00050848,"BOULDER, CO US",8/20/2018,0,0,0,77,47,76
USC00050848,"BOULDER, CO US",8/21/2018,0,0,0,76,51,66
USC00050848,"BOULDER, CO US",8/22/2018,0.01,0,0,80,55,78
USC00050848,"BOULDER, CO US",8/23/2018,0,0,0,89,56,81
USC00050848,"BOULDER, CO US",8/24/2018,0,0,0,89,56,87
USC00050848,"BOULDER, CO US",8/25/2018,0,0,0,90,60,85
USC00050848,"BOULDER, CO US",8/26/2018,0,0,0,94,56,86
USC00050848,"BOULDER, CO US",8/27/2018,0,0,0,90,64,86
USC00050848,"BOULDER, CO US",8/28/2018,0,0,0,86,49,71
USC00050848,"BOULDER, CO US",8/29/2018,0,0,0,90,46,86
USC00050848,"BOULDER, CO US",8/30/2018,0,0,0,90,56,81
USC00050848,"BOULDER, CO US",8/31/2018,0,0,0,89,59,81
USC00050848,"BOULDER, CO US",9/1/2018,0,0,0,81,54,78
USC00050848,"BOULDER, CO US",9/2/2018,0,0,0,80,51,77
USC00050848,"BOULDER, CO US",9/3/2018,0,0,0,80,54,78
USC00050848,"BOULDER, CO US",9/4/2018,0,0,0,83,51,76
USC00050848,"BOULDER, CO US",9/5/2018,0.96,0,0,76,54,59
USC00050848,"BOULDER, CO US",9/6/2018,0.05,0,0,73,48,58
USC00050848,"BOULDER, CO US",9/7/2018,0,0,0,78,48,74
USC00050848,"BOULDER, CO US",9/8/2018,0,0,0,81,48,76
USC00050848,"BOULDER, CO US",9/9/2018,0,0,0,87,54,79
USC00050848,"BOULDER, CO US",9/10/2018,0,0,0,88,52,85
USC00050848,"BOULDER, CO US",9/11/2018,0,0,0,91,55,83
USC00050848,"BOULDER, CO US",9/12/2018,0,0,0,91,55,81
USC00050848,"BOULDER, CO US",9/13/2018,0,0,0,94,59,84
USC00050848,"BOULDER, CO US",9/14/2018,0,0,0,92,55,83
USC00050848,"BOULDER, CO US",9/15/2018,0,0,0,93,52,77
USC00050848,"BOULDER, CO US",9/16/2018,0,0,0,91,58,77
USC00050848,"BOULDER, CO US",9/17/2018,0,0,0,92,60,78
USC00050848,"BOULDER, CO US",9/18/2018,0,0,0,90,55,76
USC00050848,"BOULDER, CO US",9/19/2018,0,0,0,83,57,68
USC00050848,"BOULDER, CO US",9/20/2018,0.01,0,0,83,57,73
USC00050848,"BOULDER, CO US",9/21/2018,0,0,0,77,51,66
USC00050848,"BOULDER, CO US",9/22/2018,0,0,0,86,43,64
USC00050848,"BOULDER, CO US",9/23/2018,0,0,0,88,52,78
USC00050848,"BOULDER, CO US",9/24/2018,0,0,0,82,51,71
USC00050848,"BOULDER, CO US",9/25/2018,0,0,0,71,44,63
USC00050848,"BOULDER, CO US",9/26/2018,0,0,0,72,36,60
USC00050848,"BOULDER, CO US",9/27/2018,0,0,0,80,45,64
USC00050848,"BOULDER, CO US",9/28/2018,0,0,0,64,42,48
USC00050848,"BOULDER, CO US",9/29/2018,0,0,0,84,37,73
USC00050848,"BOULDER, CO US",9/30/2018,0,0,0,73,40,56
USC00050848,"BOULDER, CO US",10/1/2018,0,0,0,67,39,63
USC00050848,"BOULDER, CO US",10/2/2018,0,0,0,82,48,75
USC00050848,"BOULDER, CO US",10/3/2018,0,0,0,85,61,74
USC00050848,"BOULDER, CO US",10/4/2018,0.03,0,0,74,43,58
USC00050848,"BOULDER, CO US",10/5/2018,0.15,0,0,74,41,46
USC00050848,"BOULDER, CO US",10/6/2018,0.03,0,0,54,39,51
USC00050848,"BOULDER, CO US",10/7/2018,0.05,0,0,51,39,43
USC00050848,"BOULDER, CO US",10/8/2018,0.78,0,0,44,37,38
USC00050848,"BOULDER, CO US",10/9/2018,0.26,0,0,38,34,37
USC00050848,"BOULDER, CO US",10/10/2018,0.33,0.9,0,38,30,33
USC00050848,"BOULDER, CO US",10/11/2018,0.09,0,0,41,31,39
USC00050848,"BOULDER, CO US",10/12/2018,0,0,0,63,31,51
USC00050848,"BOULDER, CO US",10/13/2018,0,0,0,66,34,54
USC00050848,"BOULDER, CO US",10/14/2018,0.68,8.9,7,54,20,26
USC00050848,"BOULDER, CO US",10/15/2018,0,0,2,47,13,34
USC00050848,"BOULDER, CO US",10/16/2018,0,0,0,58,26,54
USC00050848,"BOULDER, CO US",10/17/2018,0,0,0,62,31,48
USC00050848,"BOULDER, CO US",10/18/2018,0,0,0,68,31,52
USC00050848,"BOULDER, CO US",10/19/2018,0,0,0,69,47,51
USC00050848,"BOULDER, CO US",10/20/2018,0,0,0,70,34,52
USC00050848,"BOULDER, CO US",10/21/2018,0,0,0,78,38,56
USC00050848,"BOULDER, CO US",10/22/2018,0,0,0,72,41,64
USC00050848,"BOULDER, CO US",10/23/2018,0,0,0,64,42,59
USC00050848,"BOULDER, CO US",10/24/2018,0,0,0,65,44,56
USC00050848,"BOULDER, CO US",10/25/2018,0,0,0,69,40,58
USC00050848,"BOULDER, CO US",10/26/2018,0,0,0,71,39,64
USC00050848,"BOULDER, CO US",10/27/2018,0,0,0,76,50,68
USC00050848,"BOULDER, CO US",10/28/2018,0,0,0,78,36,72
USC00050848,"BOULDER, CO US",10/29/2018,0,0,0,79,50,66
USC00050848,"BOULDER, CO US",10/30/2018,0.1,0.1,0,66,33,33
USC00050848,"BOULDER, CO US",10/31/2018,0.18,0.2,0,49,32,35
USC00050848,"BOULDER, CO US",11/1/2018,0,0,0,57,31,46
USC00050848,"BOULDER, CO US",11/2/2018,0,0,0,64,31,58
USC00050848,"BOULDER, CO US",11/3/2018,0.13,0,0,58,38,45
USC00050848,"BOULDER, CO US",11/4/2018,0,0,0,57,27,48
USC00050848,"BOULDER, CO US",11/5/2018,0,0,0,54,36,41
USC00050848,"BOULDER, CO US",11/6/2018,0,0,0,52,31,38
USC00050848,"BOULDER, CO US",11/7/2018,0,0,0,44,23,31
USC00050848,"BOULDER, CO US",11/8/2018,0,0,0,40,21,32
USC00050848,"BOULDER, CO US",11/9/2018,0,0,0,42,17,29
USC00050848,"BOULDER, CO US",11/10/2018,0,0,0,58,28,42
USC00050848,"BOULDER, CO US",11/11/2018,0.64,12.6,11,42,22,22
USC00050848,"BOULDER, CO US",11/12/2018,0.06,1.6,7,30,12,18
USC00050848,"BOULDER, CO US",11/13/2018,0,0,3,51,11,33
USC00050848,"BOULDER, CO US",11/14/2018,0,0,3,61,27,46
USC00050848,"BOULDER, CO US",11/15/2018,0,0,0,64,37,38
USC00050848,"BOULDER, CO US",11/16/2018,0,0,0,65,29,49
USC00050848,"BOULDER, CO US",11/17/2018,0.31,1.7,2,49,22,23
USC00050848,"BOULDER, CO US",11/18/2018,0.05,0.5,1,47,12,29
USC00050848,"BOULDER, CO US",11/19/2018,0,0,1,49,24,34
USC00050848,"BOULDER, CO US",11/20/2018,0,0,0,57,21,40
USC00050848,"BOULDER, CO US",11/21/2018,0,0,0,62,27,40
USC00050848,"BOULDER, CO US",11/22/2018,0,0,0,62,29,49
USC00050848,"BOULDER, CO US",11/23/2018,0,0,0,51,34,44
USC00050848,"BOULDER, CO US",11/24/2018,0,0,0,58,27,37
USC00050848,"BOULDER, CO US",11/25/2018,0,0,0,46,20,34
USC00050848,"BOULDER, CO US",11/26/2018,0,0,0,54,19,46
USC00050848,"BOULDER, CO US",11/27/2018,0,0,0,58,28,52
USC00050848,"BOULDER, CO US",11/28/2018,0,0,0,59,44,51
USC00050848,"BOULDER, CO US",11/29/2018,0,0,0,52,31,36
USC00050848,"BOULDER, CO US",11/30/2018,0,0,0,36,24,34
USC00050848,"BOULDER, CO US",12/1/2018,0,0,0,47,22,37
USC00050848,"BOULDER, CO US",12/2/2018,0,0,0,38,15,32
USC00050848,"BOULDER, CO US",12/3/2018,0.16,2.5,1,34,21,27
USC00050848,"BOULDER, CO US",12/4/2018,0,0,1,40,13,30
USC00050848,"BOULDER, CO US",12/5/2018,0,0,1,48,13,32
USC00050848,"BOULDER, CO US",12/6/2018,0.04,0.5,1,32,17,17
USC00050848,"BOULDER, CO US",12/7/2018,0,0,0,44,16,29
USC00050848,"BOULDER, CO US",12/8/2018,0,0,0,49,19,34
USC00050848,"BOULDER, CO US",12/9/2018,0,0,0,47,21,30
USC00050848,"BOULDER, CO US",12/10/2018,0,0,0,54,18,42
USC00050848,"BOULDER, CO US",12/11/2018,0,0,0,57,32,39
USC00050848,"BOULDER, CO US",12/12/2018,0,0,0,55,26,44
USC00050848,"BOULDER, CO US",12/13/2018,0,0,0,47,19,30
USC00050848,"BOULDER, CO US",12/14/2018,0,0,0,55,23,36
USC00050848,"BOULDER, CO US",12/15/2018,0,0,0,56,22,38
USC00050848,"BOULDER, CO US",12/16/2018,0,0,0,59,28,38
USC00050848,"BOULDER, CO US",12/17/2018,0,0,0,59,26,43
USC00050848,"BOULDER, CO US",12/18/2018,0,0,0,57,31,46
USC00050848,"BOULDER, CO US",12/19/2018,0,0,0,50,35,36
USC00050848,"BOULDER, CO US",12/20/2018,0,0,0,48,21,30
USC00050848,"BOULDER, CO US",12/21/2018,0,0,0,63,25,50
USC00050848,"BOULDER, CO US",12/22/2018,0.01,0,0,50,25,29
USC00050848,"BOULDER, CO US",12/23/2018,0,0,0,50,15,36
USC00050848,"BOULDER, CO US",12/24/2018,0,0,0,50,26,34
USC00050848,"BOULDER, CO US",12/25/2018,0,0,0,44,22,33
USC00050848,"BOULDER, CO US",12/26/2018,0,0.1,0,40,17,32
USC00050848,"BOULDER, CO US",12/27/2018,0,0,0,34,18,19
USC00050848,"BOULDER, CO US",12/28/2018,0,0,0,23,13,21
USC00050848,"BOULDER, CO US",12/29/2018,0,0,0,37,5,27
USC00050848,"BOULDER, CO US",12/30/2018,0,0,0,50,21,42
USC00050848,"BOULDER, CO US",12/31/2018,0.13,2.6,3,42,9,9
USC00050848,"BOULDER, CO US",1/1/2019,0.03,0.6,2,15,2,5
USC00050848,"BOULDER, CO US",1/2/2019,0,0,2,41,1,22
USC00050848,"BOULDER, CO US",1/3/2019,0,0,1,56,22,37
USC00050848,"BOULDER, CO US",1/4/2019,0,0,0,61,17,42
USC00050848,"BOULDER, CO US",1/5/2019,0,0,0,60,32,43
USC00050848,"BOULDER, CO US",1/6/2019,0,0,0,57,30,48
USC00050848,"BOULDER, CO US",1/7/2019,0,0,0,51,34,43
USC00050848,"BOULDER, CO US",1/8/2019,0,0,0,46,23,32
USC00050848,"BOULDER, CO US",1/9/2019,0,0,0,50,23,37
USC00050848,"BOULDER, CO US",1/10/2019,0,0,0,58,29,45
USC00050848,"BOULDER, CO US",1/11/2019,0.63,1.9,2,45,32,32
USC00050848,"BOULDER, CO US",1/12/2019,0.14,1.4,2,39,29,29
USC00050848,"BOULDER, CO US",1/13/2019,0,0,2,41,18,30
USC00050848,"BOULDER, CO US",1/14/2019,0,0,1,51,17,31
USC00050848,"BOULDER, CO US",1/15/2019,0,0,1,51,23,37
USC00050848,"BOULDER, CO US",1/16/2019,0,0,0,53,29,43
USC00050848,"BOULDER, CO US",1/17/2019,0,0,0,57,32,49
USC00050848,"BOULDER, CO US",1/18/2019,0.22,1.5,1,50,31,31
USC00050848,"BOULDER, CO US",1/19/2019,0,0,0,51,20,44
USC00050848,"BOULDER, CO US",1/20/2019,0,0,0,54,35,38
USC00050848,"BOULDER, CO US",1/21/2019,0,0,0,51,23,43
USC00050848,"BOULDER, CO US",1/22/2019,0.17,2.2,2,44,23,28
USC00050848,"BOULDER, CO US",1/23/2019,0,0,1,45,15,36
USC00050848,"BOULDER, CO US",1/24/2019,0.18,2.9,3,37,19,23
USC00050848,"BOULDER, CO US",1/25/2019,0,0,2,41,13,36
USC00050848,"BOULDER, CO US",1/26/2019,0,0,1,48,21,42
USC00050848,"BOULDER, CO US",1/27/2019,0,0,0,53,31,49
USC00050848,"BOULDER, CO US",1/28/2019,0.2,4,4,49,18,18
USC00050848,"BOULDER, CO US",1/29/2019,0,0,2,32,7,22
USC00050848,"BOULDER, CO US",1/30/2019,0,0,2,49,7,44
USC00050848,"BOULDER, CO US",1/31/2019,0,0,1,50,23,35
USC00050848,"BOULDER, CO US",2/1/2019,0,0,0,59,24,42
USC00050848,"BOULDER, CO US",2/2/2019,0,0,0,59,30,48
USC00050848,"BOULDER, CO US",2/3/2019,0,0,0,63,36,46
USC00050848,"BOULDER, CO US",2/4/2019,0,0,0,54,37,39
USC00050848,"BOULDER, CO US",2/5/2019,0,0,0,47,16,37
USC00050848,"BOULDER, CO US",2/6/2019,0.29,5.7,5,37,12,13
USC00050848,"BOULDER, CO US",2/7/2019,0.08,1.8,5,20,-9,4
USC00050848,"BOULDER, CO US",2/8/2019,0,0,4,33,-4,19
USC00050848,"BOULDER, CO US",2/9/2019,0,0,3,44,11,27
USC00050848,"BOULDER, CO US",2/10/2019,0,0,3,32,18,25
USC00050848,"BOULDER, CO US",2/11/2019,0,0,2,36,9,34
USC00050848,"BOULDER, CO US",2/12/2019,0,0,1,50,19,46
USC00050848,"BOULDER, CO US",2/13/2019,0,0,0,57,31,47
USC00050848,"BOULDER, CO US",2/14/2019,0,0,0,56,36,36
USC00050848,"BOULDER, CO US",2/15/2019,0.01,0.1,0,57,21,52
USC00050848,"BOULDER, CO US",2/16/2019,0,0,0,52,18,31
USC00050848,"BOULDER, CO US",2/17/2019,0,0,0,36,21,25
USC00050848,"BOULDER, CO US",2/18/2019,0.12,4.2,2,25,7,16
USC00050848,"BOULDER, CO US",2/19/2019,0.06,0.6,2,20,12,19
USC00050848,"BOULDER, CO US",2/20/2019,0,0,0,35,7,29
USC00050848,"BOULDER, CO US",2/21/2019,0,0,0,34,10,29
USC00050848,"BOULDER, CO US",2/22/2019,0.06,1.1,1,29,20,24
USC00050848,"BOULDER, CO US",2/23/2019,0.11,1,1,41,15,35
USC00050848,"BOULDER, CO US",2/24/2019,0,0,0,47,28,40
USC00050848,"BOULDER, CO US",2/25/2019,0,0,0,54,15,46
USC00050848,"BOULDER, CO US",2/26/2019,0,0,0,52,20,45
USC00050848,"BOULDER, CO US",2/27/2019,0.01,0.1,0,45,15,29
USC00050848,"BOULDER, CO US",2/28/2019,0,0,0,55,29,41
USC00050848,"BOULDER, CO US",3/1/2019,0,0,0,54,28,40
USC00050848,"BOULDER, CO US",3/2/2019,0.14,3,3,40,14,14
USC00050848,"BOULDER, CO US",3/3/2019,0.38,4.5,6,14,-2,5
USC00050848,"BOULDER, CO US",3/4/2019,0.01,0.1,4,22,-5,17
USC00050848,"BOULDER, CO US",3/5/2019,0,0,4,32,3,26
USC00050848,"BOULDER, CO US",3/6/2019,0,0,3,43,15,34
USC00050848,"BOULDER, CO US",3/7/2019,0.09,0.1,0,53,26,39
USC00050848,"BOULDER, CO US",3/8/2019,0,0,0,46,25,42
USC00050848,"BOULDER, CO US",3/9/2019,0.1,0,0,50,28,41
USC00050848,"BOULDER, CO US",3/10/2019,0,0,0,49,22,47
USC00050848,"BOULDER, CO US",3/11/2019,0,0,0,53,25,51
USC00050848,"BOULDER, CO US",3/12/2019,0,0,0,59,29,54
USC00050848,"BOULDER, CO US",3/13/2019,1.3,3.1,3,54,29,31
USC00050848,"BOULDER, CO US",3/14/2019,0,0,2,36,25,31
USC00050848,"BOULDER, CO US",3/15/2019,0,0,0,49,14,41
USC00050848,"BOULDER, CO US",3/16/2019,0,0,0,51,23,41
USC00050848,"BOULDER, CO US",3/17/2019,0,0,0,54,23,49
USC00050848,"BOULDER, CO US",3/18/2019,0,0,0,49,28,
USC00050848,"BOULDER, CO US",3/19/2019,0,0,0,49,28,47
USC00050848,"BOULDER, CO US",3/20/2019,0,0,0,60,21,45
USC00050848,"BOULDER, CO US",3/21/2019,0,0,0,59,30,54
USC00050848,"BOULDER, CO US",3/22/2019,0.06,0,0,57,33,41
USC00050848,"BOULDER, CO US",3/23/2019,0.04,0,0,52,33,46
USC00050848,"BOULDER, CO US",3/24/2019,0,0,0,58,28,48
USC00050848,"BOULDER, CO US",3/25/2019,0,0,0,60,30,57
USC00050848,"BOULDER, CO US",3/26/2019,0,0,0,70,31,68
USC00050848,"BOULDER, CO US",3/27/2019,0,0,0,74,41,60
USC00050848,"BOULDER, CO US",3/28/2019,0,0,0,64,35,54
USC00050848,"BOULDER, CO US",3/29/2019,0.27,0,0,54,36,36
USC00050848,"BOULDER, CO US",3/30/2019,0.44,5.4,0,42,26,37
USC00050848,"BOULDER, CO US",3/31/2019,0,0,0,51,26,38
USC00050848,"BOULDER, CO US",4/1/2019,0,0,0,59,27,55
USC00050848,"BOULDER, CO US",4/2/2019,0,0,0,55,33,53
USC00050848,"BOULDER, CO US",4/3/2019,0,0,0,58,33,56
USC00050848,"BOULDER, CO US",4/4/2019,0,0,0,65,34,61
USC00050848,"BOULDER, CO US",4/5/2019,0,0,0,69,33,64
USC00050848,"BOULDER, CO US",4/6/2019,0,0,0,70,40,63
USC00050848,"BOULDER, CO US",4/7/2019,0,0,0,70,41,63
USC00050848,"BOULDER, CO US",4/8/2019,0,0,0,76,45,73
USC00050848,"BOULDER, CO US",4/9/2019,0,0,0,78,44,73
USC00050848,"BOULDER, CO US",4/10/2019,0.54,2.7,3,73,25,25
USC00050848,"BOULDER, CO US",4/11/2019,0.24,2.5,1,43,16,41
USC00050848,"BOULDER, CO US",4/12/2019,0,0,0,43,25,41
USC00050848,"BOULDER, CO US",4/13/2019,0.1,0.8,0,48,28,44
USC00050848,"BOULDER, CO US",4/14/2019,0,0,0,65,26,63
USC00050848,"BOULDER, CO US",4/15/2019,0,0,0,72,43,71
USC00050848,"BOULDER, CO US",4/16/2019,0,0,0,71,38,61
USC00050848,"BOULDER, CO US",4/17/2019,0,0,0,64,40,60
USC00050848,"BOULDER, CO US",4/18/2019,0,0,0,63,44,57
USC00050848,"BOULDER, CO US",4/19/2019,0,0,0,72,35,68
USC00050848,"BOULDER, CO US",4/20/2019,0,0,0,79,47,71
USC00050848,"BOULDER, CO US",4/21/2019,0.19,0,0,71,46,48
USC00050848,"BOULDER, CO US",4/22/2019,0.32,0,0,48,38,40
USC00050848,"BOULDER, CO US",4/23/2019,0,0,0,65,40,64
USC00050848,"BOULDER, CO US",4/24/2019,0,0,0,72,40,70
USC00050848,"BOULDER, CO US",4/25/2019,0,0,0,70,41,60
USC00050848,"BOULDER, CO US",4/26/2019,0,0,0,74,38,65
USC00050848,"BOULDER, CO US",4/27/2019,0.02,0,0,66,42,64
USC00050848,"BOULDER, CO US",4/28/2019,0,0,0,76,41,57
USC00050848,"BOULDER, CO US",4/29/2019,0.12,1.4,1,57,29,30
USC00050848,"BOULDER, CO US",4/30/2019,0.34,2.8,1,37,29,36
USC00050848,"BOULDER, CO US",5/1/2019,0.11,0,0,45,33,39
USC00050848,"BOULDER, CO US",5/2/2019,0.14,0,0,59,32,59
USC00050848,"BOULDER, CO US",5/3/2019,0,0,0,68,35,65
USC00050848,"BOULDER, CO US",5/4/2019,0,0,0,70,36,69
USC00050848,"BOULDER, CO US",5/5/2019,0,0,0,75,44,71
USC00050848,"BOULDER, CO US",5/6/2019,0,0,0,71,43,61
USC00050848,"BOULDER, CO US",5/7/2019,0.34,0,0,61,43,49
USC00050848,"BOULDER, CO US",5/8/2019,0.6,0,0,49,38,38
USC00050848,"BOULDER, CO US",5/9/2019,0.52,2.3,0,39,31,37
USC00050848,"BOULDER, CO US",5/10/2019,0,0,0,52,34,51
USC00050848,"BOULDER, CO US",5/11/2019,0,0,0,64,32,54
USC00050848,"BOULDER, CO US",5/12/2019,0,0,0,71,34,69
USC00050848,"BOULDER, CO US",5/13/2019,0,0,0,78,44,74
USC00050848,"BOULDER, CO US",5/14/2019,0,0,0,82,47,72
USC00050848,"BOULDER, CO US",5/15/2019,0,0,0,79,46,73
USC00050848,"BOULDER, CO US",5/16/2019,0,0,0,81,52,71
USC00050848,"BOULDER, CO US",5/17/2019,0.1,0,0,71,48,55
USC00050848,"BOULDER, CO US",5/18/2019,0,0,0,65,37,62
USC00050848,"BOULDER, CO US",5/19/2019,0.01,0,0,62,36,46
USC00050848,"BOULDER, CO US",5/20/2019,0.39,0,0,46,35,38
USC00050848,"BOULDER, CO US",5/21/2019,0.89,5.1,2,43,31,39
USC00050848,"BOULDER, CO US",5/22/2019,0.04,0,0,47,32,45
USC00050848,"BOULDER, CO US",5/23/2019,0.32,0,0,45,37,44
USC00050848,"BOULDER, CO US",5/24/2019,0.02,0,0,70,34,68
USC00050848,"BOULDER, CO US",5/25/2019,0,0,0,74,39,74
USC00050848,"BOULDER, CO US",5/26/2019,0,0,0,75,43,65
USC00050848,"BOULDER, CO US",5/27/2019,0.05,0,0,67,42,60
USC00050848,"BOULDER, CO US",5/28/2019,0.21,0,0,61,41,52
USC00050848,"BOULDER, CO US",5/29/2019,0.14,0,0,61,39,57
USC00050848,"BOULDER, CO US",5/30/2019,0,0,0,70,38,66
USC00050848,"BOULDER, CO US",5/31/2019,0.01,0,0,76,42,66
USC00050848,"BOULDER, CO US",6/1/2019,0,0,0,74,46,71
USC00050848,"BOULDER, CO US",6/2/2019,0.02,0,0,76,47,65
USC00050848,"BOULDER, CO US",6/3/2019,0.09,0,0,77,47,71
USC00050848,"BOULDER, CO US",6/4/2019,0.05,0,0,81,47,68
USC00050848,"BOULDER, CO US",6/5/2019,0,0,0,77,47,65
USC00050848,"BOULDER, CO US",6/6/2019,0.1,0,0,82,47,80
USC00050848,"BOULDER, CO US",6/7/2019,0.06,0,0,84,51,75
USC00050848,"BOULDER, CO US",6/8/2019,0.01,0,0,81,51,68
USC00050848,"BOULDER, CO US",6/9/2019,0.05,0,0,68,42,62
USC00050848,"BOULDER, CO US",6/10/2019,0,0,0,77,38,75
USC00050848,"BOULDER, CO US",6/11/2019,0,0,0,78,47,71
USC00050848,"BOULDER, CO US",6/12/2019,0,0,0,75,51,
USC00050848,"BOULDER, CO US",6/13/2019,0,0,0,87,48,78
USC00050848,"BOULDER, CO US",6/14/2019,0.02,0,0,84,63,71
USC00050848,"BOULDER, CO US",6/15/2019,0,0,0,79,51,74
USC00050848,"BOULDER, CO US",6/16/2019,0.04,0,0,78,49,64
USC00050848,"BOULDER, CO US",6/17/2019,0.57,0,0,73,49,67
USC00050848,"BOULDER, CO US",6/18/2019,0.03,0,0,74,52,63
USC00050848,"BOULDER, CO US",6/19/2019,0,0,0,84,52,77
USC00050848,"BOULDER, CO US",6/20/2019,0.02,0,0,85,53,80
USC00050848,"BOULDER, CO US",6/21/2019,0.19,0,0,80,50,55
USC00050848,"BOULDER, CO US",6/22/2019,0.87,0,0,56,44,52
USC00050848,"BOULDER, CO US",6/23/2019,0,0,0,63,40,62
USC00050848,"BOULDER, CO US",6/24/2019,0,0,0,77,44,76
USC00050848,"BOULDER, CO US",6/25/2019,0,0,0,82,52,79
USC00050848,"BOULDER, CO US",6/26/2019,0,0,0,87,51,84
USC00050848,"BOULDER, CO US",6/27/2019,0,0,0,90,53,90
USC00050848,"BOULDER, CO US",6/28/2019,0,0,0,94,55,80
USC00050848,"BOULDER, CO US",6/29/2019,0,0,0,90,64,88
USC00050848,"BOULDER, CO US",6/30/2019,0,0,0,91,58,76
USC00050848,"BOULDER, CO US",7/1/2019,0.04,0,0,84,56,79
USC00050848,"BOULDER, CO US",7/2/2019,0.71,0,0,84,53,79
USC00050848,"BOULDER, CO US",7/3/2019,0,0,0,89,52,86
USC00050848,"BOULDER, CO US",7/4/2019,0.11,0,0,85,55,62
USC00050848,"BOULDER, CO US",7/5/2019,0.34,0,0,80,55,62
USC00050848,"BOULDER, CO US",7/6/2019,0.01,0,0,80,53,79
USC00050848,"BOULDER, CO US",7/7/2019,0,0,0,86,54,84
USC00050848,"BOULDER, CO US",7/8/2019,0,0,0,84,54,82
USC00050848,"BOULDER, CO US",7/9/2019,0,0,0,89,54,86
USC00050848,"BOULDER, CO US",7/10/2019,0,0,0,86,53,83
USC00050848,"BOULDER, CO US",7/11/2019,0,0,0,95,55,80
USC00050848,"BOULDER, CO US",7/12/2019,0,0,0,90,60,64
USC00050848,"BOULDER, CO US",7/13/2019,0,0,0,92,56,82
USC00050848,"BOULDER, CO US",7/14/2019,0.06,0,0,90,59,88
USC00050848,"BOULDER, CO US",7/15/2019,0.01,0,0,94,58,69
USC00050848,"BOULDER, CO US",7/16/2019,0,0,0,90,54,90
USC00050848,"BOULDER, CO US",7/17/2019,0,0,0,97,62,94
USC00050848,"BOULDER, CO US",7/18/2019,0,0,0,98,60,94
USC00050848,"BOULDER, CO US",7/19/2019,0,0,0,98,62,94
USC00050848,"BOULDER, CO US",7/20/2019,0.44,0,0,94,61,61
USC00050848,"BOULDER, CO US",7/21/2019,0,0,0,83,60,78
USC00050848,"BOULDER, CO US",7/22/2019,0.18,0,0,80,62,73
USC00050848,"BOULDER, CO US",7/23/2019,0,0,0,86,55,79
USC00050848,"BOULDER, CO US",7/24/2019,0,0,0,95,56,81
USC00050848,"BOULDER, CO US",7/25/2019,0.03,0,0,88,63,64
USC00050848,"BOULDER, CO US",7/26/2019,0,0,0,92,56,82
USC00050848,"BOULDER, CO US",7/27/2019,0.16,0,0,87,61,77
USC00050848,"BOULDER, CO US",7/28/2019,0,0,0,89,61,86
USC00050848,"BOULDER, CO US",7/29/2019,0,0,0,93,52,89
USC00050848,"BOULDER, CO US",7/30/2019,0.11,0,0,90,56,69
USC00050848,"BOULDER, CO US",7/31/2019,0.01,0,0,87,63,80
USC00050848,"BOULDER, CO US",8/1/2019,0.02,0,0,83,60,77
USC00050848,"BOULDER, CO US",8/2/2019,0.05,0,0,88,57,80
USC00050848,"BOULDER, CO US",8/3/2019,0,0,0,96,59,93
USC00050848,"BOULDER, CO US",8/4/2019,0,0,0,93,60,83
USC00050848,"BOULDER, CO US",8/5/2019,0,0,0,89,63,75
USC00050848,"BOULDER, CO US",8/6/2019,0,0,0,95,57,87
USC00050848,"BOULDER, CO US",8/7/2019,0,0,0,88,63,81
USC00050848,"BOULDER, CO US",8/8/2019,0.01,0,0,83,61,70
USC00050848,"BOULDER, CO US",8/9/2019,0.01,0,0,96,60,95
USC00050848,"BOULDER, CO US",8/10/2019,0,0,0,95,65,79
USC00050848,"BOULDER, CO US",8/11/2019,0,0,0,81,62,76
USC00050848,"BOULDER, CO US",8/12/2019,0,0,0,91,60,84
USC00050848,"BOULDER, CO US",8/13/2019,0,0,0,88,53,85
USC00050848,"BOULDER, CO US",8/14/2019,0,0,0,91,55,66
USC00050848,"BOULDER, CO US",8/15/2019,0,0,0,95,55,86
USC00050848,"BOULDER, CO US",8/16/2019,0,0,0,91,57,89
USC00050848,"BOULDER, CO US",8/17/2019,0,0,0,90,60,84
USC00050848,"BOULDER, CO US",8/18/2019,0,0,0,89,57,84
USC00050848,"BOULDER, CO US",8/19/2019,0,0,0,96,57,89
USC00050848,"BOULDER, CO US",8/20/2019,0,0,0,98,58,78
USC00050848,"BOULDER, CO US",8/21/2019,0.01,0,0,82,64,70
USC00050848,"BOULDER, CO US",8/22/2019,0,0,0,90,53,84
USC00050848,"BOULDER, CO US",8/23/2019,0,0,0,87,62,80
USC00050848,"BOULDER, CO US",8/24/2019,0,0,0,90,51,86
USC00050848,"BOULDER, CO US",8/25/2019,0,0,0,97,58,89
USC00050848,"BOULDER, CO US",8/26/2019,0,0,0,89,56,76
USC00050848,"BOULDER, CO US",8/27/2019,0,0,0,77,49,75
USC00050848,"BOULDER, CO US",8/28/2019,0,0,0,94,47,88
USC00050848,"BOULDER, CO US",8/29/2019,0,0,0,88,63,72
USC00050848,"BOULDER, CO US",8/30/2019,0,0,0,84,53,77
USC00050848,"BOULDER, CO US",8/31/2019,0,0,0,91,55,87
USC00050848,"BOULDER, CO US",9/1/2019,0,0,0,98,53,85
USC00050848,"BOULDER, CO US",9/2/2019,0,0,0,100,61,92
USC00050848,"BOULDER, CO US",9/3/2019,0,0,0,92,61,82
USC00050848,"BOULDER, CO US",9/4/2019,0,0,0,85,57,84
USC00050848,"BOULDER, CO US",9/5/2019,0,0,0,97,63,81
USC00050848,"BOULDER, CO US",9/6/2019,0.02,0,0,82,59,73
USC00050848,"BOULDER, CO US",9/7/2019,0.05,0,0,89,61,85
USC00050848,"BOULDER, CO US",9/8/2019,0.02,0,0,85,51,63
USC00050848,"BOULDER, CO US",9/9/2019,0.08,0,0,84,50,82
USC00050848,"BOULDER, CO US",9/10/2019,0.01,0,0,82,56,71
USC00050848,"BOULDER, CO US",9/11/2019,0.25,0,0,76,53,65
USC00050848,"BOULDER, CO US",9/12/2019,0,0,0,79,47,73
USC00050848,"BOULDER, CO US",9/13/2019,0,0,0,80,43,77
USC00050848,"BOULDER, CO US",9/14/2019,0,0,0,90,45,86
USC00050848,"BOULDER, CO US",9/15/2019,0,0,0,87,48,81
USC00050848,"BOULDER, CO US",9/16/2019,0,0,0,88,56,81
USC00050848,"BOULDER, CO US",9/17/2019,0,0,0,87,59,83
USC00050848,"BOULDER, CO US",9/18/2019,0,0,0,83,49,73
USC00050848,"BOULDER, CO US",9/19/2019,0,0,0,86,46,76
USC00050848,"BOULDER, CO US",9/20/2019,0,0,0,86,53,78
USC00050848,"BOULDER, CO US",9/21/2019,0,0,0,78,45,67
USC00050848,"BOULDER, CO US",9/22/2019,0,0,0,76,41,67
USC00050848,"BOULDER, CO US",9/23/2019,0,0,0,81,43,71
USC00050848,"BOULDER, CO US",9/24/2019,0,0,0,86,49,78
USC00050848,"BOULDER, CO US",9/25/2019,0,0,0,81,50,66
USC00050848,"BOULDER, CO US",9/26/2019,0,0,0,85,40,79
USC00050848,"BOULDER, CO US",9/27/2019,0,0,0,79,45,63
USC00050848,"BOULDER, CO US",9/28/2019,0.13,0,0,73,47,71
USC00050848,"BOULDER, CO US",9/29/2019,0,0,0,86,45,82
USC00050848,"BOULDER, CO US",9/30/2019,0,0,0,82,45,66
USC00050848,"BOULDER, CO US",10/1/2019,0.14,0,0,66,47,47
USC00050848,"BOULDER, CO US",10/2/2019,0.37,0,0,62,40,51
USC00050848,"BOULDER, CO US",10/3/2019,0,0,0,65,43,55
USC00050848,"BOULDER, CO US",10/4/2019,0,0,0,69,36,61
USC00050848,"BOULDER, CO US",10/5/2019,0,0,0,65,47,64
USC00050848,"BOULDER, CO US",10/6/2019,0,0,0,64,39,61
USC00050848,"BOULDER, CO US",10/7/2019,0,0,0,74,31,74
USC00050848,"BOULDER, CO US",10/8/2019,0,0,0,80,42,63
USC00050848,"BOULDER, CO US",10/9/2019,0,0,0,80,48,55
USC00050848,"BOULDER, CO US",10/10/2019,0.42,3.8,3,55,20,23
USC00050848,"BOULDER, CO US",10/11/2019,0,0,0,44,15,32
USC00050848,"BOULDER, CO US",10/12/2019,0,0,0,67,26,50
USC00050848,"BOULDER, CO US",10/13/2019,0,0,0,74,32,47
USC00050848,"BOULDER, CO US",10/14/2019,0,0,0,75,37,67
USC00050848,"BOULDER, CO US",10/15/2019,0,0,0,69,32,59
USC00050848,"BOULDER, CO US",10/16/2019,0,0,0,80,33,63
USC00050848,"BOULDER, CO US",10/17/2019,0,0,0,78,43,58
USC00050848,"BOULDER, CO US",10/18/2019,0,0,0,67,49,55
USC00050848,"BOULDER, CO US",10/19/2019,0,0,0,65,32,50
USC00050848,"BOULDER, CO US",10/20/2019,0,0,0,50,33,44
USC00050848,"BOULDER, CO US",10/21/2019,0,0,0,55,30,49
USC00050848,"BOULDER, CO US",10/22/2019,0,0,0,64,31,57
USC00050848,"BOULDER, CO US",10/23/2019,0,0,0,57,37,40
USC00050848,"BOULDER, CO US",10/24/2019,0.54,7,2,40,25,31
USC00050848,"BOULDER, CO US",10/25/2019,0,0,0,60,25,42
USC00050848,"BOULDER, CO US",10/26/2019,0,0,0,73,36,59
USC00050848,"BOULDER, CO US",10/27/2019,0.23,3.9,3,59,19,22
USC00050848,"BOULDER, CO US",10/28/2019,0.4,4.9,5,28,16,19
USC00050848,"BOULDER, CO US",10/29/2019,0.2,4.7,7,21,9,10
USC00050848,"BOULDER, CO US",10/30/2019,0.12,2.1,7,24,3,12
USC00050848,"BOULDER, CO US",10/31/2019,0,0,4,45,3,34
USC00050848,"BOULDER, CO US",11/1/2019,0,0,3,40,22,32
USC00050848,"BOULDER, CO US",11/2/2019,0,0,2,48,17,34
USC00050848,"BOULDER, CO US",11/3/2019,0,0,2,56,26,42
USC00050848,"BOULDER, CO US",11/4/2019,0,0,1,49,31,40
USC00050848,"BOULDER, CO US",11/5/2019,0,0,0,58,27,43
USC00050848,"BOULDER, CO US",11/6/2019,0.01,0,0,55,31,32
USC00050848,"BOULDER, CO US",11/7/2019,0.08,0,0,47,27,35
USC00050848,"BOULDER, CO US",11/8/2019,0,0,0,69,26,61
USC00050848,"BOULDER, CO US",11/9/2019,0,0,0,79,41,63
USC00050848,"BOULDER, CO US",11/10/2019,0,0,0,72,34,53
USC00050848,"BOULDER, CO US",11/11/2019,0.19,3.5,2,53,12,22
USC00050848,"BOULDER, CO US",11/12/2019,0,0,0,57,14,42
USC00050848,"BOULDER, CO US",11/13/2019,0,0,0,62,36,40
USC00050848,"BOULDER, CO US",11/14/2019,0,0,0,55,28,40
USC00050848,"BOULDER, CO US",11/15/2019,0,0,0,72,33,52
USC00050848,"BOULDER, CO US",11/16/2019,0,0,0,65,42,47
USC00050848,"BOULDER, CO US",11/17/2019,0,0,0,55,27,44
USC00050848,"BOULDER, CO US",11/18/2019,0,0,0,66,43,60
USC00050848,"BOULDER, CO US",11/19/2019,0,0,0,64,34,48
USC00050848,"BOULDER, CO US",11/20/2019,0.11,0.5,0,51,33,33
USC00050848,"BOULDER, CO US",11/21/2019,0.3,0.6,1,34,25,27
USC00050848,"BOULDER, CO US",11/22/2019,0.15,1.8,2,36,25,29
USC00050848,"BOULDER, CO US",11/23/2019,0,0,1,58,23,40
USC00050848,"BOULDER, CO US",11/24/2019,0,0,0,63,32,52
USC00050848,"BOULDER, CO US",11/25/2019,0.14,1.6,2,52,29,29
USC00050848,"BOULDER, CO US",11/26/2019,1.33,20.7,20,29,21,23
USC00050848,"BOULDER, CO US",11/27/2019,0.01,0.2,15,27,4,13
USC00050848,"BOULDER, CO US",11/28/2019,0,0,13,31,4,19
USC00050848,"BOULDER, CO US",11/29/2019,0,0,10,27,9,23
USC00050848,"BOULDER, CO US",11/30/2019,0.06,0.6,10,37,21,30
USC00050848,"BOULDER, CO US",12/1/2019,0,0,9,36,13,19
USC00050848,"BOULDER, CO US",12/2/2019,0,0,6,54,15,40
USC00050848,"BOULDER, CO US",12/3/2019,0,0,4,56,35,42
USC00050848,"BOULDER, CO US",12/4/2019,0,0,4,54,31,37
USC00050848,"BOULDER, CO US",12/5/2019,0.12,0,3,43,31,34
USC00050848,"BOULDER, CO US",12/6/2019,0.01,0,3,49,25,37
USC00050848,"BOULDER, CO US",12/7/2019,0,0,2,59,24,42
USC00050848,"BOULDER, CO US",12/8/2019,0,0,1,56,35,45
USC00050848,"BOULDER, CO US",12/9/2019,0,0,1,45,26,26
USC00050848,"BOULDER, CO US",12/10/2019,0,0,1,35,18,27
USC00050848,"BOULDER, CO US",12/11/2019,0,0,1,54,23,39
USC00050848,"BOULDER, CO US",12/12/2019,0,0,0,51,34,43
USC00050848,"BOULDER, CO US",12/13/2019,0,0,0,46,36,40
USC00050848,"BOULDER, CO US",12/14/2019,0.06,0.7,1,40,25,30
USC00050848,"BOULDER, CO US",12/15/2019,0,0,0,31,18,28
USC00050848,"BOULDER, CO US",12/16/2019,0,0,0,34,18,25
USC00050848,"BOULDER, CO US",12/17/2019,0,0,0,44,15,27
USC00050848,"BOULDER, CO US",12/18/2019,0,0,0,54,19,37
USC00050848,"BOULDER, CO US",12/19/2019,0,0,0,47,25,33
USC00050848,"BOULDER, CO US",12/20/2019,0,0,0,53,24,37
USC00050848,"BOULDER, CO US",12/21/2019,0,0,0,64,28,38
USC00050848,"BOULDER, CO US",12/22/2019,0,0,0,64,32,43
USC00050848,"BOULDER, CO US",12/23/2019,0,0,0,58,37,47
USC00050848,"BOULDER, CO US",12/24/2019,0,0,0,58,34,38
USC00050848,"BOULDER, CO US",12/25/2019,0,0,0,50,27,37
USC00050848,"BOULDER, CO US",12/26/2019,0,0,0,38,20,36
USC00050848,"BOULDER, CO US",12/27/2019,0,0,0,36,18,30
USC00050848,"BOULDER, CO US",12/28/2019,0.16,2.7,2,30,22,24
USC00050848,"BOULDER, CO US",12/29/2019,0,0,1,36,14,26
USC00050848,"BOULDER, CO US",12/30/2019,0,0,1,36,11,24
USC00050848,"BOULDER, CO US",12/31/2019,0,0,1,52,14,37
USC00186350,"NATIONAL ARBORETUM DC, MD US",7/1/2018,0,0,0,94,73,84
USC00186350,"NATIONAL ARBORETUM DC, MD US",7/2/2018,0,0,0,96,76,77
USC00186350,"NATIONAL ARBORETUM DC, MD US",7/3/2018,0,0,0,98,77,80
USC00186350,"NATIONAL ARBORETUM DC, MD US",7/4/2018,0,0,0,98,77,83
USC00186350,"NATIONAL ARBORETUM DC, MD US",7/5/2018,0,0,0,94,79,82
USC00186350,"NATIONAL ARBORETUM DC, MD US",7/6/2018,0,0,0,93,80,80
USC00186350,"NATIONAL ARBORETUM DC, MD US",7/7/2018,0,0,0,89,67,68
USC00186350,"NATIONAL ARBORETUM DC, MD US",7/8/2018,0,0,0,82,58,67
USC00186350,"NATIONAL ARBORETUM DC, MD US",7/9/2018,0,0,0,85,59,68
USC00186350,"NATIONAL ARBORETUM DC, MD US",7/10/2018,0,0,0,89,67,75
USC00186350,"NATIONAL ARBORETUM DC, MD US",7/11/2018,0,0,0,94,75,80
USC00186350,"NATIONAL ARBORETUM DC, MD US",7/12/2018,0,0,0,93,70,73
USC00186350,"NATIONAL ARBORETUM DC, MD US",7/13/2018,0,0,0,91,66,73
USC00186350,"NATIONAL ARBORETUM DC, MD US",7/14/2018,0,0,0,89,68,74
USC00186350,"NATIONAL ARBORETUM DC, MD US",7/15/2018,0,0,0,91,73,74
USC00186350,"NATIONAL ARBORETUM DC, MD US",7/16/2018,0,0,0,91,72,77
USC00186350,"NATIONAL ARBORETUM DC, MD US",7/17/2018,0,0,0,96,77,79
USC00186350,"NATIONAL ARBORETUM DC, MD US",7/18/2018,1.42,0,0,92,69,73
USC00186350,"NATIONAL ARBORETUM DC, MD US",7/19/2018,0,0,0,88,66,72
USC00186350,"NATIONAL ARBORETUM DC, MD US",7/20/2018,0,0,0,90,65,72
USC00186350,"NATIONAL ARBORETUM DC, MD US",7/21/2018,0,0,0,86,70,73
USC00186350,"NATIONAL ARBORETUM DC, MD US",7/22/2018,4.02,0,0,74,68,73
USC00186350,"NATIONAL ARBORETUM DC, MD US",7/23/2018,0.67,0,0,84,73,74
USC00186350,"NATIONAL ARBORETUM DC, MD US",7/24/2018,0.3,0,0,86,74,77
USC00186350,"NATIONAL ARBORETUM DC, MD US",7/25/2018,0.4,0,0,87,74,75
USC00186350,"NATIONAL ARBORETUM DC, MD US",7/26/2018,1.18,0,0,85,75,78
USC00186350,"NATIONAL ARBORETUM DC, MD US",7/27/2018,0,0,0,91,75,81
USC00186350,"NATIONAL ARBORETUM DC, MD US",7/28/2018,0.02,0,0,93,70,76
USC00186350,"NATIONAL ARBORETUM DC, MD US",7/29/2018,0,0,0,87,66,69
USC00186350,"NATIONAL ARBORETUM DC, MD US",7/30/2018,0,0,0,88,66,72
USC00186350,"NATIONAL ARBORETUM DC, MD US",7/31/2018,0.45,0,0,78,71,76
USC00186350,"NATIONAL ARBORETUM DC, MD US",8/1/2018,0.14,0,0,85,74,81
USC00186350,"NATIONAL ARBORETUM DC, MD US",8/2/2018,0,0,0,89,75,76
USC00186350,"NATIONAL ARBORETUM DC, MD US",8/3/2018,0.97,0,0,86,74,79
USC00186350,"NATIONAL ARBORETUM DC, MD US",8/4/2018,0.55,0,0,85,76,78
USC00186350,"NATIONAL ARBORETUM DC, MD US",8/5/2018,0,0,0,89,73,82
USC00186350,"NATIONAL ARBORETUM DC, MD US",8/6/2018,0,0,0,94,73,81
USC00186350,"NATIONAL ARBORETUM DC, MD US",8/7/2018,0.54,0,0,93,75,83
USC00186350,"NATIONAL ARBORETUM DC, MD US",8/8/2018,0.16,0,0,92,75,82
USC00186350,"NATIONAL ARBORETUM DC, MD US",8/9/2018,0,0,0,93,74,78
USC00186350,"NATIONAL ARBORETUM DC, MD US",8/10/2018,0,0,0,92,72,78
USC00186350,"NATIONAL ARBORETUM DC, MD US",8/11/2018,0,0,0,92,76,79
USC00186350,"NATIONAL ARBORETUM DC, MD US",8/12/2018,0,0,0,92,72,75
USC00186350,"NATIONAL ARBORETUM DC, MD US",8/13/2018,0.55,0,0,87,73,78
USC00186350,"NATIONAL ARBORETUM DC, MD US",8/14/2018,0.24,0,0,87,68,72
USC00186350,"NATIONAL ARBORETUM DC, MD US",8/15/2018,0,0,0,86,70,77
USC00186350,"NATIONAL ARBORETUM DC, MD US",8/16/2018,0,0,0,91,70,77
USC00186350,"NATIONAL ARBORETUM DC, MD US",8/17/2018,0,0,0,93,76,80
USC00186350,"NATIONAL ARBORETUM DC, MD US",8/18/2018,0,0,0,93,74,78
USC00186350,"NATIONAL ARBORETUM DC, MD US",8/19/2018,0,0,0,89,71,72
USC00186350,"NATIONAL ARBORETUM DC, MD US",8/20/2018,0,0,0,85,70,70
USC00186350,"NATIONAL ARBORETUM DC, MD US",8/21/2018,0,0,0,81,70,74
USC00186350,"NATIONAL ARBORETUM DC, MD US",8/22/2018,1.84,0,0,83,73,76
USC00186350,"NATIONAL ARBORETUM DC, MD US",8/23/2018,0,0,0,84,65,65
USC00186350,"NATIONAL ARBORETUM DC, MD US",8/24/2018,0,0,0,81,59,62
USC00186350,"NATIONAL ARBORETUM DC, MD US",8/25/2018,,0,0,85,61,73
USC00186350,"NATIONAL ARBORETUM DC, MD US",8/26/2018,0,0,0,84,66,71
USC00186350,"NATIONAL ARBORETUM DC, MD US",8/27/2018,0,0,0,89,71,75
USC00186350,"NATIONAL ARBORETUM DC, MD US",8/28/2018,0,0,0,93,75,79
USC00186350,"NATIONAL ARBORETUM DC, MD US",8/29/2018,0,0,0,94,78,80
USC00186350,"NATIONAL ARBORETUM DC, MD US",8/30/2018,0.03,0,0,96,76,76
USC00186350,"NATIONAL ARBORETUM DC, MD US",8/31/2018,0.02,0,0,93,74,76
USC00186350,"NATIONAL ARBORETUM DC, MD US",9/1/2018,0.05,0,0,90,73,76
USC00186350,"NATIONAL ARBORETUM DC, MD US",9/2/2018,0.31,0,0,88,74,77
USC00186350,"NATIONAL ARBORETUM DC, MD US",9/3/2018,0,0,0,91,77,80
USC00186350,"NATIONAL ARBORETUM DC, MD US",9/4/2018,0.02,0,0,94,77,80
USC00186350,"NATIONAL ARBORETUM DC, MD US",9/5/2018,1.15,0,0,95,75,79
USC00186350,"NATIONAL ARBORETUM DC, MD US",9/6/2018,0,0,0,94,77,79
USC00186350,"NATIONAL ARBORETUM DC, MD US",9/7/2018,0,0,0,94,74,74
USC00186350,"NATIONAL ARBORETUM DC, MD US",9/8/2018,1.74,0,0,,71,79
USC00186350,"NATIONAL ARBORETUM DC, MD US",9/9/2018,1,0,0,79,63,66
USC00186350,"NATIONAL ARBORETUM DC, MD US",9/10/2018,0.98,0,0,71,65,67
USC00186350,"NATIONAL ARBORETUM DC, MD US",9/11/2018,0.05,0,0,80,67,75
USC00186350,"NATIONAL ARBORETUM DC, MD US",9/12/2018,0,0,0,81,72,72
USC00186350,"NATIONAL ARBORETUM DC, MD US",9/13/2018,0.87,0,0,86,72,77
USC00186350,"NATIONAL ARBORETUM DC, MD US",9/14/2018,0.04,0,0,82,73,74
USC00186350,"NATIONAL ARBORETUM DC, MD US",9/15/2018,0.01,0,0,79,70,71
USC00186350,"NATIONAL ARBORETUM DC, MD US",9/16/2018,0,0,0,83,68,70
USC00186350,"NATIONAL ARBORETUM DC, MD US",9/17/2018,0,0,0,84,70,74
USC00186350,"NATIONAL ARBORETUM DC, MD US",9/18/2018,1.43,0,0,83,74,76
USC00186350,"NATIONAL ARBORETUM DC, MD US",9/19/2018,0.11,0,0,86,69,71
USC00186350,"NATIONAL ARBORETUM DC, MD US",9/20/2018,0,0,0,87,67,69
USC00186350,"NATIONAL ARBORETUM DC, MD US",9/21/2018,0,0,0,84,69,71
USC00186350,"NATIONAL ARBORETUM DC, MD US",9/22/2018,0.15,0,0,77,68,72
USC00186350,"NATIONAL ARBORETUM DC, MD US",9/23/2018,0.2,0,0,79,60,61
USC00186350,"NATIONAL ARBORETUM DC, MD US",9/24/2018,0.71,0,0,67,61,67
USC00186350,"NATIONAL ARBORETUM DC, MD US",9/25/2018,0.33,0,0,73,67,72
USC00186350,"NATIONAL ARBORETUM DC, MD US",9/26/2018,0.09,0,0,83,72,77
USC00186350,"NATIONAL ARBORETUM DC, MD US",9/27/2018,0.7,0,0,87,66,66
USC00186350,"NATIONAL ARBORETUM DC, MD US",9/28/2018,1.24,0,0,67,58,65
USC00186350,"NATIONAL ARBORETUM DC, MD US",9/29/2018,0,0,0,76,61,63
USC00186350,"NATIONAL ARBORETUM DC, MD US",9/30/2018,0,0,0,79,57,60
USC00186350,"NATIONAL ARBORETUM DC, MD US",10/1/2018,0,0,0,79,57,68
USC00186350,"NATIONAL ARBORETUM DC, MD US",10/2/2018,0,0,0,83,66,69
USC00186350,"NATIONAL ARBORETUM DC, MD US",10/3/2018,0,0,0,83,68,72
USC00186350,"NATIONAL ARBORETUM DC, MD US",10/4/2018,0,0,0,87,66,67
USC00186350,"NATIONAL ARBORETUM DC, MD US",10/5/2018,0.02,0,0,89,67,70
USC00186350,"NATIONAL ARBORETUM DC, MD US",10/6/2018,0,0,0,70,65,67
USC00186350,"NATIONAL ARBORETUM DC, MD US",10/7/2018,0,0,0,74,67,72
USC00186350,"NATIONAL ARBORETUM DC, MD US",10/8/2018,0,0,0,84,70,71
USC00186350,"NATIONAL ARBORETUM DC, MD US",10/9/2018,0,0,0,86,70,73
USC00186350,"NATIONAL ARBORETUM DC, MD US",10/10/2018,0,0,0,84,71,73
USC00186350,"NATIONAL ARBORETUM DC, MD US",10/11/2018,0.17,0,0,84,73,76
USC00186350,"NATIONAL ARBORETUM DC, MD US",10/12/2018,1.31,0,0,81,57,57
USC00186350,"NATIONAL ARBORETUM DC, MD US",10/13/2018,0.05,0,0,64,50,50
USC00186350,"NATIONAL ARBORETUM DC, MD US",10/14/2018,0.03,0,0,,44,49
USC00186350,"NATIONAL ARBORETUM DC, MD US",10/15/2018,0.19,0,0,59,49,59
USC00186350,"NATIONAL ARBORETUM DC, MD US",10/16/2018,0.09,0,0,72,55,55
USC00186350,"NATIONAL ARBORETUM DC, MD US",10/17/2018,0,0,0,61,53,53
USC00186350,"NATIONAL ARBORETUM DC, MD US",10/18/2018,0,0,0,69,45,47
USC00186350,"NATIONAL ARBORETUM DC, MD US",10/19/2018,0,0,0,58,39,39
USC00186350,"NATIONAL ARBORETUM DC, MD US",10/20/2018,0.1,0,0,64,39,58
USC00186350,"NATIONAL ARBORETUM DC, MD US",10/21/2018,0.01,0,0,67,46,46
USC00186350,"NATIONAL ARBORETUM DC, MD US",10/22/2018,0,0,0,53,35,36
USC00186350,"NATIONAL ARBORETUM DC, MD US",10/23/2018,0,0,0,57,35,44
USC00186350,"NATIONAL ARBORETUM DC, MD US",10/24/2018,0,0,0,70,44,47
USC00186350,"NATIONAL ARBORETUM DC, MD US",10/25/2018,0,0,0,57,37,40
USC00186350,"NATIONAL ARBORETUM DC, MD US",10/26/2018,0,0,0,53,40,43
USC00186350,"NATIONAL ARBORETUM DC, MD US",10/27/2018,1.01,0,0,55,43,54
USC00186350,"NATIONAL ARBORETUM DC, MD US",10/28/2018,0.26,0,0,55,47,53
USC00186350,"NATIONAL ARBORETUM DC, MD US",10/29/2018,0.05,0,0,61,50,52
USC00186350,"NATIONAL ARBORETUM DC, MD US",10/30/2018,0.01,0,0,60,40,40
USC00186350,"NATIONAL ARBORETUM DC, MD US",10/31/2018,0,0,0,63,40,42
USC00186350,"NATIONAL ARBORETUM DC, MD US",11/1/2018,0,0,0,68,42,57
USC00186350,"NATIONAL ARBORETUM DC, MD US",11/2/2018,0,0,0,74,57,69
USC00186350,"NATIONAL ARBORETUM DC, MD US",11/3/2018,1.1,0,0,73,50,50
USC00186350,"NATIONAL ARBORETUM DC, MD US",11/4/2018,0.02,0,0,59,37,45
USC00186350,"NATIONAL ARBORETUM DC, MD US",11/5/2018,0.41,0,0,59,37,55
USC00186350,"NATIONAL ARBORETUM DC, MD US",11/6/2018,0.96,0,0,59,54,58
USC00186350,"NATIONAL ARBORETUM DC, MD US",11/7/2018,0.84,0,0,65,50,53
USC00186350,"NATIONAL ARBORETUM DC, MD US",11/8/2018,0,0,0,63,51,51
USC00186350,"NATIONAL ARBORETUM DC, MD US",11/9/2018,0.04,0,0,59,44,44
USC00186350,"NATIONAL ARBORETUM DC, MD US",11/10/2018,0.6,0,0,52,42,42
USC00186350,"NATIONAL ARBORETUM DC, MD US",11/11/2018,0,0,0,44,28,34
USC00186350,"NATIONAL ARBORETUM DC, MD US",11/12/2018,0.03,0,0,47,30,35
USC00186350,"NATIONAL ARBORETUM DC, MD US",11/13/2018,0.99,0,0,50,30,45
USC00186350,"NATIONAL ARBORETUM DC, MD US",11/14/2018,0.01,0,0,50,38,38
USC00186350,"NATIONAL ARBORETUM DC, MD US",11/15/2018,0.01,,0,45,32,32
USC00186350,"NATIONAL ARBORETUM DC, MD US",11/16/2018,1.26,,0,43,31,42
USC00186350,"NATIONAL ARBORETUM DC, MD US",11/17/2018,0,0,0,50,37,44
USC00186350,"NATIONAL ARBORETUM DC, MD US",11/18/2018,0,0,0,50,31,34
USC00186350,"NATIONAL ARBORETUM DC, MD US",11/19/2018,0,0,0,51,34,38
USC00186350,"NATIONAL ARBORETUM DC, MD US",11/20/2018,0,0,0,59,38,50
USC00186350,"NATIONAL ARBORETUM DC, MD US",11/21/2018,0,0,0,53,31,33
USC00186350,"NATIONAL ARBORETUM DC, MD US",11/22/2018,0,0,0,57,30,31
USC00186350,"NATIONAL ARBORETUM DC, MD US",11/23/2018,0,0,0,34,27,27
USC00186350,"NATIONAL ARBORETUM DC, MD US",11/24/2018,0,0,0,40,27,39
USC00186350,"NATIONAL ARBORETUM DC, MD US",11/25/2018,1.35,0,0,48,39,42
USC00186350,"NATIONAL ARBORETUM DC, MD US",11/26/2018,0.03,0,0,61,42,50
USC00186350,"NATIONAL ARBORETUM DC, MD US",11/27/2018,0.4,0,0,54,39,40
USC00186350,"NATIONAL ARBORETUM DC, MD US",11/28/2018,0,0,0,43,34,34
USC00186350,"NATIONAL ARBORETUM DC, MD US",11/29/2018,0,0,0,39,30,32
USC00186350,"NATIONAL ARBORETUM DC, MD US",11/30/2018,0,0,0,41,31,37
USC00186350,"NATIONAL ARBORETUM DC, MD US",12/1/2018,0,0,0,45,32,38
USC00186350,"NATIONAL ARBORETUM DC, MD US",12/2/2018,0.64,0,0,49,32,48
USC00186350,"NATIONAL ARBORETUM DC, MD US",12/3/2018,0.04,0,0,60,48,52
USC00186350,"NATIONAL ARBORETUM DC, MD US",12/4/2018,0,0,0,59,40,41
USC00186350,"NATIONAL ARBORETUM DC, MD US",12/5/2018,0,0,0,44,31,32
USC00186350,"NATIONAL ARBORETUM DC, MD US",12/6/2018,0,0,0,39,30,36
USC00186350,"NATIONAL ARBORETUM DC, MD US",12/7/2018,0,0,0,43,32,36
USC00186350,"NATIONAL ARBORETUM DC, MD US",12/8/2018,0,0,0,42,22,24
USC00186350,"NATIONAL ARBORETUM DC, MD US",12/9/2018,0,0,0,37,24,31
USC00186350,"NATIONAL ARBORETUM DC, MD US",12/10/2018,0,0,0,34,30,30
USC00186350,"NATIONAL ARBORETUM DC, MD US",12/11/2018,0,0,0,40,22,23
USC00186350,"NATIONAL ARBORETUM DC, MD US",12/12/2018,0,0,0,45,22,31
USC00186350,"NATIONAL ARBORETUM DC, MD US",12/13/2018,0,0,0,46,31,39
USC00186350,"NATIONAL ARBORETUM DC, MD US",12/14/2018,0,0,0,52,34,39
USC00186350,"NATIONAL ARBORETUM DC, MD US",12/15/2018,0.69,0,0,56,39,56
USC00186350,"NATIONAL ARBORETUM DC, MD US",12/16/2018,2.48,0,0,58,48,48
USC00186350,"NATIONAL ARBORETUM DC, MD US",12/17/2018,0.35,0,0,48,39,45
USC00186350,"NATIONAL ARBORETUM DC, MD US",12/18/2018,0,0,0,56,37,37
USC00186350,"NATIONAL ARBORETUM DC, MD US",12/19/2018,0,0,0,46,26,35
USC00186350,"NATIONAL ARBORETUM DC, MD US",12/20/2018,0,0,0,50,30,37
USC00186350,"NATIONAL ARBORETUM DC, MD US",12/21/2018,0.52,0,0,67,37,63
USC00186350,"NATIONAL ARBORETUM DC, MD US",12/22/2018,0.01,0,0,76,43,46
USC00186350,"NATIONAL ARBORETUM DC, MD US",12/23/2018,0,0,0,50,32,37
USC00186350,"NATIONAL ARBORETUM DC, MD US",12/24/2018,0.01,0,0,47,36,43
USC00186350,"NATIONAL ARBORETUM DC, MD US",12/25/2018,0,0,0,47,33,36
USC00186350,"NATIONAL ARBORETUM DC, MD US",12/26/2018,0,0,0,42,25,26
USC00186350,"NATIONAL ARBORETUM DC, MD US",12/27/2018,0,0,0,48,26,29
USC00186350,"NATIONAL ARBORETUM DC, MD US",12/28/2018,0.68,0,0,52,29,48
USC00186350,"NATIONAL ARBORETUM DC, MD US",12/29/2018,0.36,0,0,60,45,47
USC00186350,"NATIONAL ARBORETUM DC, MD US",12/30/2018,0,0,0,60,35,39
USC00186350,"NATIONAL ARBORETUM DC, MD US",12/31/2018,0,0,0,47,34,41
USC00186350,"NATIONAL ARBORETUM DC, MD US",1/1/2019,0.5,0,0,67,41,64
USC00186350,"NATIONAL ARBORETUM DC, MD US",1/2/2019,0,0,0,68,38,42
USC00186350,"NATIONAL ARBORETUM DC, MD US",1/3/2019,0,0,0,47,42,46
USC00186350,"NATIONAL ARBORETUM DC, MD US",1/4/2019,0,0,0,50,32,34
USC00186350,"NATIONAL ARBORETUM DC, MD US",1/5/2019,0.07,0,0,50,34,47
USC00186350,"NATIONAL ARBORETUM DC, MD US",1/6/2019,0,0,0,52,37,48
USC00186350,"NATIONAL ARBORETUM DC, MD US",1/7/2019,0,0,0,55,31,35
USC00186350,"NATIONAL ARBORETUM DC, MD US",1/8/2019,0.1,0,0,41,35,41
USC00186350,"NATIONAL ARBORETUM DC, MD US",1/9/2019,0.16,0,0,58,41,45
USC00186350,"NATIONAL ARBORETUM DC, MD US",1/10/2019,0,0,0,48,30,31
USC00186350,"NATIONAL ARBORETUM DC, MD US",1/11/2019,0,0,0,37,27,28
USC00186350,"NATIONAL ARBORETUM DC, MD US",1/12/2019,0,0,0,38,25,29
USC00186350,"NATIONAL ARBORETUM DC, MD US",1/13/2019,,5.1,5,36,28,28
USC00186350,"NATIONAL ARBORETUM DC, MD US",1/14/2019,0.57,5,9,31,25,28
USC00186350,"NATIONAL ARBORETUM DC, MD US",1/15/2019,0,0,5,37,20,22
USC00186350,"NATIONAL ARBORETUM DC, MD US",1/16/2019,0,0,5,38,18,28
USC00186350,"NATIONAL ARBORETUM DC, MD US",1/17/2019,0,0,,42,28,30
USC00186350,"NATIONAL ARBORETUM DC, MD US",1/18/2019,0.1,1,4,37,30,34
USC00186350,"NATIONAL ARBORETUM DC, MD US",1/19/2019,0,0,0,42,30,37
USC00186350,"NATIONAL ARBORETUM DC, MD US",1/20/2019,0.83,0,0,57,37,46
USC00186350,"NATIONAL ARBORETUM DC, MD US",1/21/2019,0,0,0,46,13,14
USC00186350,"NATIONAL ARBORETUM DC, MD US",1/22/2019,0,0,0,23,14,18
USC00186350,"NATIONAL ARBORETUM DC, MD US",1/23/2019,0,0,0,35,18,35
USC00186350,"NATIONAL ARBORETUM DC, MD US",1/24/2019,0.33,0,0,65,35,65
USC00186350,"NATIONAL ARBORETUM DC, MD US",1/25/2019,0.65,0,0,69,32,34
USC00186350,"NATIONAL ARBORETUM DC, MD US",1/26/2019,0,0,0,42,21,24
USC00186350,"NATIONAL ARBORETUM DC, MD US",1/27/2019,0,0,0,41,24,32
USC00186350,"NATIONAL ARBORETUM DC, MD US",1/28/2019,0,0,0,48,30,30
USC00186350,"NATIONAL ARBORETUM DC, MD US",1/29/2019,0,0,0,39,25,34
USC00186350,"NATIONAL ARBORETUM DC, MD US",1/30/2019,0.17,0,0,40,18,21
USC00186350,"NATIONAL ARBORETUM DC, MD US",1/31/2019,0,0,0,36,8,9
USC00186350,"NATIONAL ARBORETUM DC, MD US",2/1/2019,0,0,0,25,9,20
USC00186350,"NATIONAL ARBORETUM DC, MD US",2/2/2019,0.1,1,1,26,13,20
USC00186350,"NATIONAL ARBORETUM DC, MD US",2/3/2019,0,0,0,40,20,33
USC00186350,"NATIONAL ARBORETUM DC, MD US",2/4/2019,0,0,0,55,30,30
USC00186350,"NATIONAL ARBORETUM DC, MD US",2/5/2019,0,0,0,63,30,38
USC00186350,"NATIONAL ARBORETUM DC, MD US",2/6/2019,0,0,0,73,37,43
USC00186350,"NATIONAL ARBORETUM DC, MD US",2/7/2019,0.04,0,0,56,43,46
USC00186350,"NATIONAL ARBORETUM DC, MD US",2/8/2019,0.02,0,0,56,43,45
USC00186350,"NATIONAL ARBORETUM DC, MD US",2/9/2019,0,0,0,58,27,28
USC00186350,"NATIONAL ARBORETUM DC, MD US",2/10/2019,0,0,0,37,19,20
USC00186350,"NATIONAL ARBORETUM DC, MD US",2/11/2019,0.37,0.3,0,39,20,34
USC00186350,"NATIONAL ARBORETUM DC, MD US",2/12/2019,0.36,0,0,37,34,35
USC00186350,"NATIONAL ARBORETUM DC, MD US",2/13/2019,0.49,0,0,41,35,38
USC00186350,"NATIONAL ARBORETUM DC, MD US",2/14/2019,0,0,0,49,29,32
USC00186350,"NATIONAL ARBORETUM DC, MD US",2/15/2019,0,0,0,54,32,52
USC00186350,"NATIONAL ARBORETUM DC, MD US",2/16/2019,0,0,0,65,40,40
USC00186350,"NATIONAL ARBORETUM DC, MD US",2/17/2019,0,0,0,48,28,32
USC00186350,"NATIONAL ARBORETUM DC, MD US",2/18/2019,0.56,0,0,41,32,41
USC00186350,"NATIONAL ARBORETUM DC, MD US",2/19/2019,0,0,0,49,29,29
USC00186350,"NATIONAL ARBORETUM DC, MD US",2/20/2019,0.2,1.8,1,43,29,29
USC00186350,"NATIONAL ARBORETUM DC, MD US",2/21/2019,0.7,0,0,59,34,
USC00186350,"NATIONAL ARBORETUM DC, MD US",2/22/2019,0.02,0,0,50,43,45
USC00186350,"NATIONAL ARBORETUM DC, MD US",2/23/2019,0,0,0,49,37,39
USC00186350,"NATIONAL ARBORETUM DC, MD US",2/24/2019,0.72,0,0,41,37,40
USC00186350,"NATIONAL ARBORETUM DC, MD US",2/25/2019,0,0,0,59,40,41
USC00186350,"NATIONAL ARBORETUM DC, MD US",2/26/2019,0,0,0,50,31,35
USC00186350,"NATIONAL ARBORETUM DC, MD US",2/27/2019,0,0,0,54,29,32
USC00186350,"NATIONAL ARBORETUM DC, MD US",2/28/2019,0,0,0,40,32,39
USC00186350,"NATIONAL ARBORETUM DC, MD US",3/1/2019,0.14,0.4,0,49,32,33
USC00186350,"NATIONAL ARBORETUM DC, MD US",3/2/2019,0.6,0,0,37,33,37
USC00186350,"NATIONAL ARBORETUM DC, MD US",3/3/2019,0,0,0,48,37,41
USC00186350,"NATIONAL ARBORETUM DC, MD US",3/4/2019,0.63,0,0,43,35,37
USC00186350,"NATIONAL ARBORETUM DC, MD US",3/5/2019,0,0,0,41,25,29
USC00186350,"NATIONAL ARBORETUM DC, MD US",3/6/2019,0,0,0,42,21,23
USC00186350,"NATIONAL ARBORETUM DC, MD US",3/7/2019,0,0,0,33,20,28
USC00186350,"NATIONAL ARBORETUM DC, MD US",3/8/2019,0,0,0,44,28,33
USC00186350,"NATIONAL ARBORETUM DC, MD US",3/9/2019,0.19,0.4,0,41,32,36
USC00186350,"NATIONAL ARBORETUM DC, MD US",3/10/2019,0.47,0,0,42,36,40
USC00186350,"NATIONAL ARBORETUM DC, MD US",3/11/2019,0,0,0,61,40,50
USC00186350,"NATIONAL ARBORETUM DC, MD US",3/12/2019,0,0,0,62,38,38
USC00186350,"NATIONAL ARBORETUM DC, MD US",3/13/2019,0,0,0,53,29,29
USC00186350,"NATIONAL ARBORETUM DC, MD US",3/14/2019,0,0,0,61,29,41
USC00186350,"NATIONAL ARBORETUM DC, MD US",3/15/2019,0,0,0,73,41,63
USC00186350,"NATIONAL ARBORETUM DC, MD US",3/17/2019,0,0,0,54,31,39
USC00186350,"NATIONAL ARBORETUM DC, MD US",3/18/2019,0,0,0,53,36,39
USC00186350,"NATIONAL ARBORETUM DC, MD US",3/19/2019,0,0,0,50,29,29
USC00186350,"NATIONAL ARBORETUM DC, MD US",3/20/2019,0,0,0,56,29,46
USC00186350,"NATIONAL ARBORETUM DC, MD US",3/21/2019,0.22,0,0,49,43,44
USC00186350,"NATIONAL ARBORETUM DC, MD US",3/22/2019,1.83,0,0,50,44,48
USC00186350,"NATIONAL ARBORETUM DC, MD US",3/23/2019,0.11,0,0,53,35,38
USC00186350,"NATIONAL ARBORETUM DC, MD US",3/24/2019,0,0,0,54,31,42
USC00186350,"NATIONAL ARBORETUM DC, MD US",3/25/2019,0,0,0,66,42,43
USC00186350,"NATIONAL ARBORETUM DC, MD US",3/26/2019,0,0,0,64,37,38
USC00186350,"NATIONAL ARBORETUM DC, MD US",3/27/2019,0,0,0,52,30,34
USC00186350,"NATIONAL ARBORETUM DC, MD US",3/28/2019,0,0,0,55,31,35
USC00186350,"NATIONAL ARBORETUM DC, MD US",3/29/2019,0,0,0,64,35,53
USC00186350,"NATIONAL ARBORETUM DC, MD US",3/30/2019,0,0,0,71,50,52
USC00186350,"NATIONAL ARBORETUM DC, MD US",3/31/2019,0,0,0,77,49,62
USC00186350,"NATIONAL ARBORETUM DC, MD US",4/1/2019,0,0,0,62,33,34
USC00186350,"NATIONAL ARBORETUM DC, MD US",4/2/2019,0,0,0,51,34,34
USC00186350,"NATIONAL ARBORETUM DC, MD US",4/3/2019,0.04,0,0,50,34,40
USC00186350,"NATIONAL ARBORETUM DC, MD US",4/4/2019,0,0,0,69,40,42
USC00186350,"NATIONAL ARBORETUM DC, MD US",4/5/2019,0.05,0,0,69,42,47
USC00186350,"NATIONAL ARBORETUM DC, MD US",4/6/2019,0.05,0,0,50,45,46
USC00186350,"NATIONAL ARBORETUM DC, MD US",4/7/2019,0,0,0,70,46,50
USC00186350,"NATIONAL ARBORETUM DC, MD US",4/8/2019,0,0,0,73,50,63
USC00186350,"NATIONAL ARBORETUM DC, MD US",4/9/2019,0.05,0,0,76,60,61
USC00186350,"NATIONAL ARBORETUM DC, MD US",4/10/2019,0,0,0,78,46,57
USC00186350,"NATIONAL ARBORETUM DC, MD US",4/11/2019,0,0,0,72,47,48
USC00186350,"NATIONAL ARBORETUM DC, MD US",4/12/2019,0,0,0,61,46,49
USC00186350,"NATIONAL ARBORETUM DC, MD US",4/13/2019,0.84,0,0,73,49,69
USC00186350,"NATIONAL ARBORETUM DC, MD US",4/14/2019,0.01,0,0,79,62,66
USC00186350,"NATIONAL ARBORETUM DC, MD US",4/15/2019,0.83,0,0,75,61,62
USC00186350,"NATIONAL ARBORETUM DC, MD US",4/16/2019,0,0,0,64,45,49
USC00186350,"NATIONAL ARBORETUM DC, MD US",4/17/2019,0,0,0,68,49,54
USC00186350,"NATIONAL ARBORETUM DC, MD US",4/18/2019,0,0,0,70,53,56
USC00186350,"NATIONAL ARBORETUM DC, MD US",4/19/2019,0,0,0,80,56,68
USC00186350,"NATIONAL ARBORETUM DC, MD US",4/20/2019,0.26,0,0,76,67,68
USC00186350,"NATIONAL ARBORETUM DC, MD US",4/21/2019,0,0,0,74,53,54
USC00186350,"NATIONAL ARBORETUM DC, MD US",4/22/2019,0,0,0,71,53,55
USC00186350,"NATIONAL ARBORETUM DC, MD US",4/23/2019,0,0,0,74,51,55
USC00186350,"NATIONAL ARBORETUM DC, MD US",4/24/2019,0,0,0,83,55,70
USC00186350,"NATIONAL ARBORETUM DC, MD US",4/25/2019,0,0,0,76,58,61
USC00186350,"NATIONAL ARBORETUM DC, MD US",4/26/2019,0.05,0,0,76,57,58
USC00186350,"NATIONAL ARBORETUM DC, MD US",4/27/2019,0.89,0,0,76,53,55
USC00186350,"NATIONAL ARBORETUM DC, MD US",4/28/2019,0.08,0,0,72,52,55
USC00186350,"NATIONAL ARBORETUM DC, MD US",4/29/2019,0,0,0,73,43,46
USC00186350,"NATIONAL ARBORETUM DC, MD US",4/30/2019,0,0,0,62,46,58
USC00186350,"NATIONAL ARBORETUM DC, MD US",5/1/2019,0,0,0,81,48,57
USC00186350,"NATIONAL ARBORETUM DC, MD US",5/2/2019,0,0,0,80,57,57
USC00186350,"NATIONAL ARBORETUM DC, MD US",5/3/2019,0.6,0,0,88,57,65
USC00186350,"NATIONAL ARBORETUM DC, MD US",5/4/2019,0.05,0,0,76,65,63
USC00186350,"NATIONAL ARBORETUM DC, MD US",5/5/2019,0,0,0,74,63,65
USC00186350,"NATIONAL ARBORETUM DC, MD US",5/6/2019,0.64,0,0,74,56,60
USC00186350,"NATIONAL ARBORETUM DC, MD US",5/7/2019,0,0,0,77,56,64
USC00186350,"NATIONAL ARBORETUM DC, MD US",5/8/2019,0,0,0,83,56,65
USC00186350,"NATIONAL ARBORETUM DC, MD US",5/9/2019,0,0,0,77,58,60
USC00186350,"NATIONAL ARBORETUM DC, MD US",5/10/2019,0,0,0,78,60,66
USC00186350,"NATIONAL ARBORETUM DC, MD US",5/11/2019,0.6,0,0,71,59,62
USC00186350,"NATIONAL ARBORETUM DC, MD US",5/12/2019,0.36,0,0,63,50,54
USC00186350,"NATIONAL ARBORETUM DC, MD US",5/13/2019,0.72,0,0,67,48,49
USC00186350,"NATIONAL ARBORETUM DC, MD US",5/14/2019,0.1,0,0,61,47,52
USC00186350,"NATIONAL ARBORETUM DC, MD US",5/15/2019,0,0,0,76,46,52
USC00186350,"NATIONAL ARBORETUM DC, MD US",5/16/2019,0.05,0,0,74,50,54
USC00186350,"NATIONAL ARBORETUM DC, MD US",5/17/2019,0,0,0,78,53,61
USC00186350,"NATIONAL ARBORETUM DC, MD US",5/18/2019,0,0,0,82,53,65
USC00186350,"NATIONAL ARBORETUM DC, MD US",5/19/2019,0,0,0,85,64,68
USC00186350,"NATIONAL ARBORETUM DC, MD US",5/20/2019,0,0,0,91,68,77
USC00186350,"NATIONAL ARBORETUM DC, MD US",5/21/2019,0,0,0,90,60,61
USC00186350,"NATIONAL ARBORETUM DC, MD US",5/22/2019,0,0,0,91,51,58
USC00186350,"NATIONAL ARBORETUM DC, MD US",5/23/2019,0,0,0,90,62,65
USC00186350,"NATIONAL ARBORETUM DC, MD US",5/24/2019,0.25,0,0,89,65,71
USC00186350,"NATIONAL ARBORETUM DC, MD US",5/25/2019,0,0,0,82,62,66
USC00186350,"NATIONAL ARBORETUM DC, MD US",5/26/2019,0.1,0,0,84,63,68
USC00186350,"NATIONAL ARBORETUM DC, MD US",5/27/2019,0,0,0,89,70,70
USC00186350,"NATIONAL ARBORETUM DC, MD US",5/28/2019,0.5,0,0,89,63,67
USC00186350,"NATIONAL ARBORETUM DC, MD US",5/29/2019,0.05,0,0,91,62,74
USC00186350,"NATIONAL ARBORETUM DC, MD US",5/30/2019,0,0,0,92,68,73
USC00186350,"NATIONAL ARBORETUM DC, MD US",5/31/2019,0.22,0,0,93,64,74
USC00186350,"NATIONAL ARBORETUM DC, MD US",6/1/2019,0,0,0,86,68,69
USC00186350,"NATIONAL ARBORETUM DC, MD US",6/2/2019,0,0,0,87,63,72
USC00186350,"NATIONAL ARBORETUM DC, MD US",6/3/2019,0.52,0,0,86,55,65
USC00186350,"NATIONAL ARBORETUM DC, MD US",6/4/2019,0,0,0,75,49,55
USC00186350,"NATIONAL ARBORETUM DC, MD US",6/5/2019,0,0,0,78,55,69
USC00186350,"NATIONAL ARBORETUM DC, MD US",6/6/2019,0.13,0,0,82,69,73
USC00186350,"NATIONAL ARBORETUM DC, MD US",6/7/2019,0,0,0,90,71,73
USC00186350,"NATIONAL ARBORETUM DC, MD US",6/8/2019,0,0,0,82,68,71
USC00186350,"NATIONAL ARBORETUM DC, MD US",6/9/2019,0,0,0,84,66,71
USC00186350,"NATIONAL ARBORETUM DC, MD US",6/10/2019,0.17,0,0,75,63,64
USC00186350,"NATIONAL ARBORETUM DC, MD US",6/11/2019,0.45,0,0,79,64,65
USC00186350,"NATIONAL ARBORETUM DC, MD US",6/12/2019,0,0,0,81,60,66
USC00186350,"NATIONAL ARBORETUM DC, MD US",6/13/2019,0.61,0,0,79,63,65
USC00186350,"NATIONAL ARBORETUM DC, MD US",6/14/2019,0.23,0,0,79,58,63
USC00186350,"NATIONAL ARBORETUM DC, MD US",6/15/2019,0,0,0,78,57,65
USC00186350,"NATIONAL ARBORETUM DC, MD US",6/16/2019,0,0,0,85,65,70
USC00186350,"NATIONAL ARBORETUM DC, MD US",6/17/2019,0,0,0,87,70,75
USC00186350,"NATIONAL ARBORETUM DC, MD US",6/18/2019,0.54,0,0,93,73,75
USC00186350,"NATIONAL ARBORETUM DC, MD US",6/19/2019,0.91,0,0,89,71,76
USC00186350,"NATIONAL ARBORETUM DC, MD US",6/20/2019,0,0,0,88,75,77
USC00186350,"NATIONAL ARBORETUM DC, MD US",6/21/2019,0.08,0,0,92,72,74
USC00186350,"NATIONAL ARBORETUM DC, MD US",6/22/2019,0,0,0,85,65,68
USC00186350,"NATIONAL ARBORETUM DC, MD US",6/23/2019,0,0,0,84,58,71
USC00186350,"NATIONAL ARBORETUM DC, MD US",6/24/2019,0,0,0,85,67,73
USC00186350,"NATIONAL ARBORETUM DC, MD US",6/25/2019,0.56,0,0,91,72,78
USC00186350,"NATIONAL ARBORETUM DC, MD US",6/26/2019,0,0,0,90,73,75
USC00186350,"NATIONAL ARBORETUM DC, MD US",6/27/2019,0,0,0,93,72,80
USC00186350,"NATIONAL ARBORETUM DC, MD US",6/28/2019,0.03,0,0,94,70,78
USC00186350,"NATIONAL ARBORETUM DC, MD US",6/29/2019,0,0,0,94,72,79
USC00186350,"NATIONAL ARBORETUM DC, MD US",6/30/2019,0.03,0,0,94,72,77
USC00186350,"NATIONAL ARBORETUM DC, MD US",7/1/2019,0,0,0,93,64,70
USC00186350,"NATIONAL ARBORETUM DC, MD US",7/2/2019,0,0,0,89,68,73
USC00186350,"NATIONAL ARBORETUM DC, MD US",7/3/2019,0.38,0,0,94,71,78
USC00186350,"NATIONAL ARBORETUM DC, MD US",7/4/2019,0,0,0,93,76,78
USC00186350,"NATIONAL ARBORETUM DC, MD US",7/5/2019,0.47,0,0,93,76,83
USC00186350,"NATIONAL ARBORETUM DC, MD US",7/6/2019,0,0,0,93,77,81
USC00186350,"NATIONAL ARBORETUM DC, MD US",7/7/2019,0.97,0,0,93,72,82
USC00186350,"NATIONAL ARBORETUM DC, MD US",7/8/2019,0,0,0,90,76,76
USC00186350,"NATIONAL ARBORETUM DC, MD US",7/9/2019,1.9,0,0,80,66,71
USC00186350,"NATIONAL ARBORETUM DC, MD US",7/10/2019,0,0,0,89,71,74
USC00186350,"NATIONAL ARBORETUM DC, MD US",7/11/2019,0,0,0,91,73,78
USC00186350,"NATIONAL ARBORETUM DC, MD US",7/12/2019,0.71,0,0,93,75,78
USC00186350,"NATIONAL ARBORETUM DC, MD US",7/13/2019,0,0,0,92,70,77
USC00186350,"NATIONAL ARBORETUM DC, MD US",7/14/2019,0,0,0,93,72,82
USC00186350,"NATIONAL ARBORETUM DC, MD US",7/15/2019,0,0,0,93,68,72
USC00186350,"NATIONAL ARBORETUM DC, MD US",7/16/2019,0,0,0,93,72,79
USC00186350,"NATIONAL ARBORETUM DC, MD US",7/17/2019,0,0,0,95,78,81
USC00186350,"NATIONAL ARBORETUM DC, MD US",7/18/2019,0.06,0,0,97,76,82
USC00186350,"NATIONAL ARBORETUM DC, MD US",7/19/2019,0,0,0,93,77,84
USC00186350,"NATIONAL ARBORETUM DC, MD US",7/20/2019,0,0,0,97,80,86
USC00186350,"NATIONAL ARBORETUM DC, MD US",7/21/2019,0.1,0,0,99,77,87
USC00186350,"NATIONAL ARBORETUM DC, MD US",7/22/2019,0,0,0,100,75,80
USC00186350,"NATIONAL ARBORETUM DC, MD US",7/23/2019,0.08,0,0,95,70,70
USC00186350,"NATIONAL ARBORETUM DC, MD US",7/24/2019,0.07,0,0,77,67,70
USC00186350,"NATIONAL ARBORETUM DC, MD US",7/25/2019,0.15,0,0,87,62,67
USC00186350,"NATIONAL ARBORETUM DC, MD US",7/26/2019,0,0,0,89,65,68
USC00186350,"NATIONAL ARBORETUM DC, MD US",7/27/2019,0,0,0,92,67,75
USC00186350,"NATIONAL ARBORETUM DC, MD US",7/28/2019,0,0,0,93,73,77
USC00186350,"NATIONAL ARBORETUM DC, MD US",7/29/2019,0,0,0,93,76,80
USC00186350,"NATIONAL ARBORETUM DC, MD US",7/30/2019,0,0,0,94,76,79
USC00186350,"NATIONAL ARBORETUM DC, MD US",7/31/2019,0,0,0,97,75,78
USC00186350,"NATIONAL ARBORETUM DC, MD US",8/1/2019,0,0,0,91,70,76
USC00186350,"NATIONAL ARBORETUM DC, MD US",8/2/2019,0,0,0,93,73,75
USC00186350,"NATIONAL ARBORETUM DC, MD US",8/3/2019,0,0,0,90,72,79
USC00186350,"NATIONAL ARBORETUM DC, MD US",8/4/2019,0,0,0,93,74,77
USC00186350,"NATIONAL ARBORETUM DC, MD US",8/5/2019,0,0,0,93,71,76
USC00186350,"NATIONAL ARBORETUM DC, MD US",8/6/2019,0,0,0,91,70,76
USC00186350,"NATIONAL ARBORETUM DC, MD US",8/7/2019,0.02,0,0,93,73,78
USC00186350,"NATIONAL ARBORETUM DC, MD US",8/8/2019,0.94,0,0,98,71,78
USC00186350,"NATIONAL ARBORETUM DC, MD US",8/9/2019,0,0,0,92,75,79
USC00186350,"NATIONAL ARBORETUM DC, MD US",8/10/2019,0,0,0,93,64,73
USC00186350,"NATIONAL ARBORETUM DC, MD US",8/11/2019,0,0,0,85,64,72
USC00186350,"NATIONAL ARBORETUM DC, MD US",8/12/2019,0,0,0,87,64,75
USC00186350,"NATIONAL ARBORETUM DC, MD US",8/13/2019,0,0,0,93,75,78
USC00186350,"NATIONAL ARBORETUM DC, MD US",8/14/2019,0.07,0,0,87,76,79
USC00186350,"NATIONAL ARBORETUM DC, MD US",8/15/2019,0,0,0,90,74,77
USC00186350,"NATIONAL ARBORETUM DC, MD US",8/16/2019,0.03,0,0,89,72,74
USC00186350,"NATIONAL ARBORETUM DC, MD US",8/17/2019,0,0,0,90,73,78
USC00186350,"NATIONAL ARBORETUM DC, MD US",8/18/2019,0.07,0,0,93,75,80
USC00186350,"NATIONAL ARBORETUM DC, MD US",8/19/2019,0,0,0,95,74,82
USC00186350,"NATIONAL ARBORETUM DC, MD US",8/20/2019,0,0,0,98,75,80
USC00186350,"NATIONAL ARBORETUM DC, MD US",8/21/2019,1.2,0,0,95,72,78
USC00186350,"NATIONAL ARBORETUM DC, MD US",8/22/2019,0.05,0,0,93,73,74
USC00186350,"NATIONAL ARBORETUM DC, MD US",8/23/2019,0,0,0,94,74,75
USC00186350,"NATIONAL ARBORETUM DC, MD US",8/24/2019,0.65,0,0,76,64,68
USC00186350,"NATIONAL ARBORETUM DC, MD US",8/25/2019,0.01,0,0,81,61,72
USC00186350,"NATIONAL ARBORETUM DC, MD US",8/26/2019,0,0,0,80,63,66
USC00186350,"NATIONAL ARBORETUM DC, MD US",8/27/2019,0,0,0,76,64,67
USC00186350,"NATIONAL ARBORETUM DC, MD US",8/28/2019,0,0,0,80,67,70
USC00186350,"NATIONAL ARBORETUM DC, MD US",8/29/2019,0,0,0,84,66,69
USC00186350,"NATIONAL ARBORETUM DC, MD US",8/30/2019,0,0,0,85,60,66
USC00186350,"NATIONAL ARBORETUM DC, MD US",8/31/2019,0,0,0,91,66,74
USC00186350,"NATIONAL ARBORETUM DC, MD US",9/1/2019,0,0,0,91,70,72
USC00186350,"NATIONAL ARBORETUM DC, MD US",9/2/2019,0,0,0,91,69,73
USC00186350,"NATIONAL ARBORETUM DC, MD US",9/3/2019,0,0,0,92,69,69
USC00186350,"NATIONAL ARBORETUM DC, MD US",9/4/2019,0,0,0,91,69,73
USC00186350,"NATIONAL ARBORETUM DC, MD US",9/5/2019,0,0,0,93,72,72
USC00186350,"NATIONAL ARBORETUM DC, MD US",9/6/2019,0,0,0,80,68,69
USC00186350,"NATIONAL ARBORETUM DC, MD US",9/7/2019,0,0,0,74,58,65
USC00186350,"NATIONAL ARBORETUM DC, MD US",9/8/2019,0,0,0,83,61,71
USC00186350,"NATIONAL ARBORETUM DC, MD US",9/9/2019,0,0,0,85,68,69
USC00186350,"NATIONAL ARBORETUM DC, MD US",9/10/2019,0,0,0,88,64,64
USC00186350,"NATIONAL ARBORETUM DC, MD US",9/11/2019,0,0,0,89,64,72
USC00186350,"NATIONAL ARBORETUM DC, MD US",9/12/2019,0,0,0,95,72,72
USC00186350,"NATIONAL ARBORETUM DC, MD US",9/13/2019,0,0,0,97,67,67
USC00186350,"NATIONAL ARBORETUM DC, MD US",9/14/2019,0,0,0,72,64,67
USC00186350,"NATIONAL ARBORETUM DC, MD US",9/15/2019,0,0,0,80,67,73
USC00186350,"NATIONAL ARBORETUM DC, MD US",9/16/2019,0,0,0,90,63,64
USC00186350,"NATIONAL ARBORETUM DC, MD US",9/17/2019,0,0,0,93,63,72
USC00186350,"NATIONAL ARBORETUM DC, MD US",9/18/2019,0,0,0,81,58,59
USC00186350,"NATIONAL ARBORETUM DC, MD US",9/19/2019,0,0,0,80,54,58
USC00186350,"NATIONAL ARBORETUM DC, MD US",9/20/2019,0,0,0,75,50,50
USC00186350,"NATIONAL ARBORETUM DC, MD US",9/21/2019,0,0,0,79,50,56
USC00186350,"NATIONAL ARBORETUM DC, MD US",9/22/2019,0,0,0,90,56,68
USC00186350,"NATIONAL ARBORETUM DC, MD US",9/23/2019,0,0,0,93,68,72
USC00186350,"NATIONAL ARBORETUM DC, MD US",9/24/2019,0,0,0,93,69,69
USC00186350,"NATIONAL ARBORETUM DC, MD US",9/25/2019,0,0,0,81,55,56
USC00186350,"NATIONAL ARBORETUM DC, MD US",9/26/2019,0,0,0,83,55,61
USC00186350,"NATIONAL ARBORETUM DC, MD US",9/27/2019,0,0,0,90,59,60
USC00186350,"NATIONAL ARBORETUM DC, MD US",9/28/2019,0,0,0,84,60,72
USC00186350,"NATIONAL ARBORETUM DC, MD US",9/29/2019,0,0,0,86,69,73
USC00186350,"NATIONAL ARBORETUM DC, MD US",9/30/2019,0,0,0,88,70,71
USC00186350,"NATIONAL ARBORETUM DC, MD US",10/1/2019,0.21,0,0,72,66,66
USC00186350,"NATIONAL ARBORETUM DC, MD US",10/2/2019,0,0,0,87,66,72
USC00186350,"NATIONAL ARBORETUM DC, MD US",10/3/2019,0,0,0,94,72,75
USC00186350,"NATIONAL ARBORETUM DC, MD US",10/4/2019,0,0,0,76,70,70
USC00186350,"NATIONAL ARBORETUM DC, MD US",10/5/2019,0,0,0,80,47,49
USC00186350,"NATIONAL ARBORETUM DC, MD US",10/6/2019,0,0,0,67,49,66
USC00186350,"NATIONAL ARBORETUM DC, MD US",10/7/2019,0,0,0,72,66,69
USC00186350,"NATIONAL ARBORETUM DC, MD US",10/8/2019,0.02,0,0,81,60,62
USC00186350,"NATIONAL ARBORETUM DC, MD US",10/9/2019,0.05,0,0,68,55,55
USC00186350,"NATIONAL ARBORETUM DC, MD US",10/10/2019,0,0,0,72,55,56
USC00186350,"NATIONAL ARBORETUM DC, MD US",10/11/2019,0,0,0,78,53,53
USC00186350,"NATIONAL ARBORETUM DC, MD US",10/12/2019,0,0,0,76,50,51
USC00186350,"NATIONAL ARBORETUM DC, MD US",10/13/2019,0,0,0,73,51,54
USC00186350,"NATIONAL ARBORETUM DC, MD US",10/14/2019,0,0,0,66,48,48
USC00186350,"NATIONAL ARBORETUM DC, MD US",10/15/2019,0,0,0,76,45,46
USC00186350,"NATIONAL ARBORETUM DC, MD US",10/16/2019,0,0,0,73,45,61
USC00186350,"NATIONAL ARBORETUM DC, MD US",10/17/2019,1.28,0,0,64,51,53
USC00186350,"NATIONAL ARBORETUM DC, MD US",10/18/2019,0,0,0,59,47,47
USC00186350,"NATIONAL ARBORETUM DC, MD US",10/19/2019,0,0,0,64,40,41
USC00186350,"NATIONAL ARBORETUM DC, MD US",10/20/2019,0.26,0,0,63,41,55
USC00186350,"NATIONAL ARBORETUM DC, MD US",10/21/2019,1.55,0,0,59,55,57
USC00186350,"NATIONAL ARBORETUM DC, MD US",10/22/2019,0,0,0,70,56,58
USC00186350,"NATIONAL ARBORETUM DC, MD US",10/23/2019,0.61,0,0,63,50,50
USC00186350,"NATIONAL ARBORETUM DC, MD US",10/24/2019,0,0,0,67,41,41
USC00186350,"NATIONAL ARBORETUM DC, MD US",10/25/2019,0,0,0,70,41,48
USC00186350,"NATIONAL ARBORETUM DC, MD US",10/26/2019,0,0,0,67,48,56
USC00186350,"NATIONAL ARBORETUM DC, MD US",10/27/2019,0.45,0,0,70,56,70
USC00186350,"NATIONAL ARBORETUM DC, MD US",10/28/2019,0.7,0,0,81,49,50
USC00186350,"NATIONAL ARBORETUM DC, MD US",10/29/2019,0,0,0,70,50,56
USC00186350,"NATIONAL ARBORETUM DC, MD US",10/30/2019,0,0,0,66,56,58
USC00186350,"NATIONAL ARBORETUM DC, MD US",10/31/2019,0.52,0,0,72,58,72
USC00186350,"NATIONAL ARBORETUM DC, MD US",11/1/2019,1.2,0,0,82,44,45
USC00186350,"NATIONAL ARBORETUM DC, MD US",11/2/2019,0,0,0,54,36,39
USC00186350,"NATIONAL ARBORETUM DC, MD US",11/3/2019,0,0,0,55,33,49
USC00186350,"NATIONAL ARBORETUM DC, MD US",11/4/2019,0,0,0,56,33,45
USC00186350,"NATIONAL ARBORETUM DC, MD US",11/5/2019,0,0,0,61,39,39
USC00186350,"NATIONAL ARBORETUM DC, MD US",11/6/2019,0,0,0,66,39,45
USC00186350,"NATIONAL ARBORETUM DC, MD US",11/7/2019,0,0,0,59,43,49
USC00186350,"NATIONAL ARBORETUM DC, MD US",11/8/2019,0.09,0,0,60,37,38
USC00186350,"NATIONAL ARBORETUM DC, MD US",11/9/2019,0,0,0,44,26,33
USC00186350,"NATIONAL ARBORETUM DC, MD US",11/10/2019,0,0,0,45,32,42
USC00186350,"NATIONAL ARBORETUM DC, MD US",11/11/2019,0,0,0,55,36,37
USC00186350,"NATIONAL ARBORETUM DC, MD US",11/12/2019,0.08,0,0,69,37,45
USC00186350,"NATIONAL ARBORETUM DC, MD US",11/13/2019,0,0,0,45,25,28
USC00186350,"NATIONAL ARBORETUM DC, MD US",11/14/2019,0,0,0,38,24,33
USC00186350,"NATIONAL ARBORETUM DC, MD US",11/15/2019,0,0,0,43,30,35
USC00186350,"NATIONAL ARBORETUM DC, MD US",11/16/2019,0,0,0,53,35,43
USC00186350,"NATIONAL ARBORETUM DC, MD US",11/17/2019,0,0,0,46,36,37
USC00186350,"NATIONAL ARBORETUM DC, MD US",11/18/2019,0,0,0,47,37,39
USC00186350,"NATIONAL ARBORETUM DC, MD US",11/19/2019,0.33,0,0,49,39,46
USC00186350,"NATIONAL ARBORETUM DC, MD US",11/20/2019,0,0,0,55,45,48
USC00186350,"NATIONAL ARBORETUM DC, MD US",11/21/2019,0,0,0,53,35,45
USC00186350,"NATIONAL ARBORETUM DC, MD US",11/22/2019,0,0,0,54,45,51
USC00186350,"NATIONAL ARBORETUM DC, MD US",11/23/2019,0.12,0,0,55,30,35
USC00186350,"NATIONAL ARBORETUM DC, MD US",11/24/2019,0.72,0,0,45,35,45
USC00186350,"NATIONAL ARBORETUM DC, MD US",11/25/2019,0,0,0,52,34,44
USC00186350,"NATIONAL ARBORETUM DC, MD US",11/26/2019,0,0,0,57,33,40
USC00186350,"NATIONAL ARBORETUM DC, MD US",11/27/2019,0.02,0,0,62,40,49
USC00186350,"NATIONAL ARBORETUM DC, MD US",11/28/2019,0,0,0,57,45,46
USC00186350,"NATIONAL ARBORETUM DC, MD US",11/29/2019,0,0,0,50,34,39
USC00186350,"NATIONAL ARBORETUM DC, MD US",11/30/2019,0,0,0,51,34,40
USC00186350,"NATIONAL ARBORETUM DC, MD US",12/1/2019,0.07,0,0,45,39,39
USC00186350,"NATIONAL ARBORETUM DC, MD US",12/2/2019,0.44,0,0,46,39,40
USC00186350,"NATIONAL ARBORETUM DC, MD US",12/3/2019,0.05,0,0,42,38,41
USC00186350,"NATIONAL ARBORETUM DC, MD US",12/4/2019,,0,0,,,
USC00186350,"NATIONAL ARBORETUM DC, MD US",12/5/2019,0,0,0,49,38,41
USC00186350,"NATIONAL ARBORETUM DC, MD US",12/6/2019,0,0,0,47,32,37
USC00186350,"NATIONAL ARBORETUM DC, MD US",12/7/2019,0,0,0,52,30,35
USC00186350,"NATIONAL ARBORETUM DC, MD US",12/8/2019,0,0,0,44,25,27
USC00186350,"NATIONAL ARBORETUM DC, MD US",12/9/2019,0.02,0,0,48,27,45
USC00186350,"NATIONAL ARBORETUM DC, MD US",12/10/2019,0.79,0,0,57,45,57
USC00186350,"NATIONAL ARBORETUM DC, MD US",12/11/2019,0.22,0,0,61,33,35
USC00186350,"NATIONAL ARBORETUM DC, MD US",12/12/2019,0,0,0,41,27,27
USC00186350,"NATIONAL ARBORETUM DC, MD US",12/13/2019,0,0,0,39,27,35
USC00186350,"NATIONAL ARBORETUM DC, MD US",12/14/2019,0.3,0,0,47,35,44
USC00186350,"NATIONAL ARBORETUM DC, MD US",12/15/2019,0.07,0,0,50,41,43
USC00186350,"NATIONAL ARBORETUM DC, MD US",12/16/2019,0.22,0,0,54,33,35
USC00186350,"NATIONAL ARBORETUM DC, MD US",12/17/2019,0.43,0,0,38,34,38
USC00186350,"NATIONAL ARBORETUM DC, MD US",12/18/2019,0.05,0,0,42,31,32
USC00186350,"NATIONAL ARBORETUM DC, MD US",12/19/2019,0,0,0,41,22,22
USC00186350,"NATIONAL ARBORETUM DC, MD US",12/20/2019,,0,0,,,
USC00186350,"NATIONAL ARBORETUM DC, MD US",12/21/2019,0,0,0,41,20,26
USC00186350,"NATIONAL ARBORETUM DC, MD US",12/22/2019,0,0,0,39,23,26
USC00186350,"NATIONAL ARBORETUM DC, MD US",12/23/2019,0,0,0,48,26,31
USC00186350,"NATIONAL ARBORETUM DC, MD US",12/24/2019,0,0,0,54,30,34
USC00186350,"NATIONAL ARBORETUM DC, MD US",12/25/2019,0,0,0,52,26,29
USC00186350,"NATIONAL ARBORETUM DC, MD US",12/26/2019,0,0,0,50,29,29
USC00186350,"NATIONAL ARBORETUM DC, MD US",12/27/2019,0,0,0,54,29,43
USC00186350,"NATIONAL ARBORETUM DC, MD US",12/28/2019,0,0,0,55,38,40
USC00186350,"NATIONAL ARBORETUM DC, MD US",12/29/2019,0,0,0,65,40,46
USC00186350,"NATIONAL ARBORETUM DC, MD US",12/30/2019,0.74,0,0,60,46,59
USC00186350,"NATIONAL ARBORETUM DC, MD US",12/31/2019,0.13,0,0,69,42,43
